has_select_star,column_count,table_count,join_count,subquery_count,has_where,has_group_by,has_order_by,has_having,has_limit,has_distinct,has_union,aggregate_count,condition_count,nested_depth,query_length,token_count,total_rows,max_table_rows,indexed_tables,has_like,has_between,has_in_list,has_not,has_or,has_and,strategy
0,15,3,4,0,0,1,0,0,0,0,1,0,3,3,171,7,67321,869,3,1,1,1,1,1,1,aggregate_early
0,12,2,4,0,0,0,0,0,1,1,1,3,5,1,194,55,67535,1367,3,0,0,0,0,0,0,index_scan
0,18,4,0,1,1,1,0,1,0,1,1,3,3,2,283,51,80177,36020,3,1,1,1,1,1,1,limit_push
1,4,5,1,1,1,1,1,1,1,1,0,3,5,2,271,44,89912,23347,0,1,0,0,1,1,0,join_reorder
1,13,1,4,2,0,0,0,0,0,1,0,3,2,2,100,12,14086,12766,0,1,0,1,0,1,0,index_scan
1,12,2,0,2,0,1,1,0,0,1,1,1,2,2,246,41,8210,13873,2,0,0,1,0,0,1,subquery_flatten
0,9,2,1,0,0,0,1,0,0,1,0,3,3,1,250,49,67314,33927,0,1,0,0,0,1,1,projection_push
1,13,1,4,1,1,1,1,1,1,1,1,2,1,2,250,37,30180,1406,1,0,1,0,0,0,0,limit_push
1,9,5,0,2,1,1,1,0,0,1,1,3,0,3,132,53,39453,17775,1,0,1,0,0,0,0,full_scan
0,17,2,1,1,0,0,1,0,0,0,1,1,4,3,237,36,26409,22019,2,1,0,0,1,0,0,subquery_flatten
1,5,4,1,1,1,0,0,1,1,0,0,3,2,1,278,24,2911,47111,2,1,0,0,0,1,1,subquery_flatten
1,9,1,1,0,0,1,0,0,1,0,0,1,1,2,282,20,96701,25299,0,1,1,0,1,0,1,limit_push
1,5,5,2,2,0,0,0,0,1,1,0,3,5,3,180,28,29399,12974,0,1,1,1,1,1,1,predicate_push
1,3,1,4,1,1,1,1,1,1,0,1,0,0,3,180,8,23428,25976,3,1,1,1,1,0,0,index_scan
1,1,4,2,2,1,0,1,1,1,1,1,0,2,1,283,31,30846,49477,0,1,0,1,0,1,0,aggregate_early
1,16,3,3,2,1,0,1,0,1,1,1,0,5,0,25,39,32735,33928,3,0,0,1,0,0,0,join_reorder
0,1,3,1,0,1,0,1,1,0,1,1,3,1,3,170,6,57058,16638,1,1,1,0,1,0,0,predicate_push
1,16,5,1,2,1,0,1,0,1,0,1,1,0,3,192,24,2468,12139,3,1,1,1,1,0,0,subquery_flatten
1,2,2,2,0,1,0,1,0,1,1,1,1,0,3,189,10,53106,29849,2,1,0,0,1,0,1,join_reorder
1,5,4,4,1,0,0,0,1,1,1,0,1,3,1,177,23,86772,8411,2,0,1,1,0,1,0,projection_push
0,9,4,4,0,1,1,0,0,1,1,1,1,0,3,256,57,3443,13600,2,1,0,0,1,0,0,predicate_push
1,16,3,4,1,0,0,1,1,0,0,0,1,5,1,223,20,35347,29322,3,0,1,1,0,0,1,projection_push
1,5,4,1,2,1,1,0,1,1,0,1,0,4,3,35,28,57779,38746,1,0,1,1,1,0,1,full_scan
1,18,3,3,0,0,0,0,0,0,1,0,0,0,3,62,48,20864,43504,3,0,1,1,0,0,1,predicate_push
0,17,2,4,1,1,1,1,1,0,0,0,3,1,0,133,49,11438,512,3,1,0,0,0,0,1,projection_push
0,9,3,0,2,1,1,1,0,0,1,1,2,5,3,56,16,36308,20250,0,0,0,0,0,1,0,index_scan
1,16,1,4,2,0,0,1,1,0,0,0,3,0,2,225,35,64995,32407,2,1,0,1,0,0,0,join_reorder
0,4,5,0,2,0,0,1,1,0,1,0,1,4,2,234,33,90030,6901,2,1,0,1,1,1,0,aggregate_early
1,7,5,1,0,1,0,1,1,0,0,0,1,2,3,164,11,37180,1424,3,1,1,1,0,0,0,join_reorder
1,7,3,1,1,0,0,1,0,0,0,1,3,5,1,167,32,57899,13216,2,0,0,0,0,0,1,limit_push
0,17,1,0,1,0,1,1,1,0,1,0,0,4,3,232,15,76639,21832,3,0,0,1,0,1,0,index_scan
0,14,1,4,1,1,0,1,0,0,0,1,1,5,3,175,57,29803,9437,3,1,1,1,1,1,1,join_reorder
1,5,1,3,2,1,0,0,0,0,0,1,0,3,3,65,39,45545,5813,2,1,0,0,0,1,1,full_scan
1,18,3,4,0,0,1,0,1,0,1,1,2,0,2,82,29,20409,7070,2,0,0,0,1,0,0,subquery_flatten
0,16,4,0,0,0,0,1,0,0,0,0,0,4,1,102,21,56497,38865,0,0,0,0,1,1,0,index_scan
1,2,4,1,1,1,1,1,0,0,1,1,0,5,3,241,21,53971,19298,2,0,0,0,0,1,1,predicate_push
0,7,4,1,1,1,1,1,1,0,0,0,2,1,3,268,42,56900,31803,2,1,1,0,1,0,0,aggregate_early
0,4,2,0,1,0,1,1,1,0,1,1,0,1,0,145,47,12115,45102,2,0,0,0,0,1,0,predicate_push
1,16,4,3,0,0,1,0,0,0,1,1,0,1,2,296,9,87605,45759,1,0,1,0,1,0,0,index_scan
1,14,2,0,1,1,0,0,0,1,0,0,0,5,2,75,34,19362,4532,1,1,0,1,0,0,0,join_reorder
0,15,2,3,2,1,1,1,0,1,1,0,3,2,2,22,51,82938,19281,2,0,1,0,1,1,1,predicate_push
0,15,1,4,1,0,0,0,0,1,1,1,3,0,0,32,24,6268,42663,1,0,0,0,1,0,1,subquery_flatten
1,2,1,3,2,1,0,0,1,1,1,1,1,2,3,248,37,27385,27000,1,1,0,1,1,1,0,limit_push
1,9,3,2,2,1,0,1,1,0,1,1,3,3,2,23,19,217,46785,3,1,0,1,0,1,0,predicate_push
1,19,5,3,0,1,1,1,1,0,1,0,3,0,3,66,5,78577,45475,1,0,1,0,0,1,0,predicate_push
0,1,2,1,0,0,1,1,1,0,1,1,3,0,2,120,13,19316,27634,3,1,0,0,1,0,0,aggregate_early
1,12,2,4,2,0,1,1,0,0,0,1,3,5,3,286,45,58696,30623,1,0,0,0,0,0,0,limit_push
1,4,1,4,1,0,1,1,1,0,1,1,3,2,0,42,19,9284,19196,0,0,0,0,1,1,0,full_scan
1,19,3,2,2,0,1,1,1,1,0,0,0,0,3,250,31,98823,10889,0,0,0,0,0,0,0,limit_push
1,2,2,4,2,1,0,1,1,0,0,0,3,4,3,203,19,20203,14482,3,1,0,1,0,0,0,predicate_push
1,4,2,2,2,0,1,0,1,1,1,1,1,1,1,237,17,73419,44341,0,0,0,1,1,0,1,join_reorder
1,16,4,4,0,1,0,1,0,1,0,1,0,5,2,48,18,44427,3468,1,0,0,0,1,0,0,projection_push
1,4,1,0,2,1,0,0,1,0,0,0,0,4,0,221,56,39324,37080,1,0,0,0,1,0,1,predicate_push
1,2,2,2,1,0,0,1,0,0,1,0,2,5,3,44,11,70935,45865,0,1,0,0,0,0,0,limit_push
1,18,5,0,2,0,1,0,0,1,1,1,3,4,3,68,11,75620,1859,0,1,0,0,0,1,0,limit_push
1,17,5,4,1,1,1,0,1,0,1,0,2,1,1,132,54,11585,38665,2,0,1,0,1,0,0,subquery_flatten
0,10,2,2,1,1,1,0,0,0,1,1,1,4,3,266,7,30778,10782,2,0,1,1,0,0,0,predicate_push
0,1,4,1,2,1,1,1,1,1,1,0,3,3,3,184,58,87025,47938,2,1,1,0,1,0,0,subquery_flatten
0,19,5,2,0,1,1,1,0,0,0,1,2,1,2,214,27,77018,14696,0,1,1,1,0,1,0,join_reorder
0,12,1,1,1,1,0,1,0,1,1,0,1,2,0,33,13,35467,36901,0,0,0,0,1,1,0,limit_push
1,13,2,4,2,1,1,1,0,1,1,0,1,1,0,184,29,78511,1722,0,1,1,0,0,0,0,limit_push
0,8,2,3,0,0,0,0,1,0,0,1,0,3,1,141,50,86245,35935,1,0,0,0,0,1,0,projection_push
0,11,3,3,0,0,0,1,0,1,1,0,2,5,1,88,37,59229,40583,2,1,0,0,1,0,0,limit_push
0,13,3,1,0,1,1,0,0,0,1,0,0,0,0,123,46,13450,24454,2,1,0,1,1,0,1,limit_push
1,12,3,4,2,0,0,0,0,1,0,0,0,3,1,99,28,438,5995,2,0,0,0,0,1,1,limit_push
1,18,1,3,2,0,1,0,0,1,0,1,1,0,2,105,11,44913,37298,0,0,0,0,1,1,1,predicate_push
0,18,4,2,1,0,1,0,0,1,0,1,2,3,3,117,7,95502,3083,1,0,0,1,0,0,1,index_scan
1,13,2,0,0,1,1,1,1,0,0,1,1,5,2,266,17,27888,30069,3,1,0,0,0,1,1,aggregate_early
1,17,5,4,0,1,1,1,0,0,1,1,0,3,0,84,34,85780,2150,0,1,1,1,1,1,1,limit_push
0,16,1,4,1,0,0,0,0,0,1,1,3,2,1,80,41,97759,37673,2,1,0,1,1,0,1,aggregate_early
1,7,4,3,2,1,1,0,0,1,0,0,0,5,1,126,38,82956,27476,1,0,1,1,0,0,1,subquery_flatten
0,17,1,2,1,0,0,0,1,0,1,1,1,0,3,22,36,8006,7387,0,0,0,0,1,1,0,projection_push
0,9,3,2,0,0,0,0,1,1,1,0,2,0,0,245,28,33842,4233,3,0,0,1,1,1,1,aggregate_early
1,16,5,3,0,0,0,1,1,0,1,1,0,2,1,75,44,30661,6283,2,0,0,0,1,1,0,full_scan
1,1,3,2,0,0,0,0,0,0,1,1,2,2,1,207,11,63720,48974,0,1,0,0,0,0,1,projection_push
1,11,5,1,1,1,0,0,1,0,1,1,0,5,2,132,45,34932,32066,1,1,1,1,0,0,1,limit_push
0,7,2,0,1,0,1,1,0,1,0,0,1,3,3,261,8,50292,14959,1,0,1,1,0,1,1,full_scan
0,18,2,4,2,0,1,0,1,0,0,0,0,5,2,98,36,93206,27182,1,0,1,1,1,1,0,join_reorder
0,3,5,0,2,0,0,0,0,0,1,1,1,5,3,41,15,22142,44513,3,1,1,0,0,0,1,aggregate_early
0,6,3,0,0,0,0,0,1,1,1,0,1,4,2,299,16,26485,38258,3,1,0,1,1,1,0,index_scan
0,8,3,1,2,0,0,1,1,0,1,1,1,2,3,65,19,68860,47937,1,0,0,1,1,1,1,index_scan
1,16,1,3,2,1,1,0,0,1,1,1,2,4,0,91,25,26689,30115,1,1,0,0,1,1,0,aggregate_early
0,1,4,0,2,1,0,1,0,0,1,0,1,5,1,111,24,35588,9005,3,1,1,1,0,1,0,index_scan
0,13,1,4,1,1,0,1,1,0,1,1,1,1,2,125,59,25103,6190,0,0,0,1,0,1,0,subquery_flatten
0,9,2,3,1,1,1,1,1,0,0,0,2,2,3,227,8,11753,28061,1,1,0,0,0,0,1,projection_push
1,11,2,3,2,1,0,0,0,0,1,0,2,5,3,192,12,28480,44762,0,0,1,0,1,1,1,projection_push
0,5,1,2,2,1,1,0,0,0,0,1,2,0,2,232,35,59421,1056,3,1,0,1,1,1,1,join_reorder
1,18,1,2,0,1,1,0,1,1,1,1,2,1,3,281,43,12301,29526,2,1,1,0,1,0,0,projection_push
1,15,1,2,1,1,1,1,1,0,1,1,1,5,1,60,58,96159,29152,2,1,1,0,0,1,1,subquery_flatten
1,17,3,0,0,1,1,0,0,0,0,0,3,3,3,183,49,52333,44838,1,1,1,1,0,1,1,limit_push
0,1,5,3,2,1,0,0,1,1,1,1,0,2,0,194,41,15663,26888,0,0,1,1,1,1,0,subquery_flatten
1,12,3,4,1,1,1,0,0,0,1,1,0,0,2,54,10,76360,28504,2,0,0,0,0,1,1,projection_push
1,18,3,2,1,1,0,1,0,0,0,0,3,2,1,170,49,78231,2069,1,1,0,1,1,0,0,subquery_flatten
1,6,5,1,0,0,0,1,0,1,1,1,1,0,1,155,51,97099,45012,3,0,1,0,1,1,0,index_scan
0,16,5,4,0,1,1,1,1,1,1,1,2,0,0,188,29,72560,27308,0,0,0,0,0,1,1,aggregate_early
1,14,4,2,1,1,1,0,0,0,0,0,2,0,3,108,25,3826,23716,3,1,0,0,0,0,1,aggregate_early
0,1,1,0,2,1,1,1,0,0,1,1,1,1,1,284,7,22712,28541,3,1,1,1,1,0,0,projection_push
0,12,5,1,0,0,1,1,0,0,1,0,1,5,1,40,27,64206,42074,3,0,0,1,0,0,1,predicate_push
0,15,4,4,0,1,0,1,1,0,1,1,0,3,1,46,33,72530,13567,2,1,1,1,1,1,1,projection_push
0,13,4,1,0,1,0,0,0,1,1,0,0,0,1,55,24,12249,34666,1,0,1,1,0,1,0,predicate_push
0,9,2,0,2,1,1,1,0,0,1,1,3,0,1,87,54,55926,36551,3,0,1,0,1,0,1,projection_push
0,18,5,0,2,1,1,0,0,0,0,1,3,4,2,179,15,58093,9260,1,0,0,0,1,0,1,full_scan
0,7,5,1,2,1,1,0,0,0,0,0,2,3,1,38,8,17725,33993,1,1,0,0,1,1,1,aggregate_early
0,4,3,0,0,0,1,0,0,1,0,0,3,1,3,24,48,36478,4355,0,1,1,1,1,0,1,join_reorder
0,3,2,3,1,1,0,0,1,0,1,1,3,5,3,55,9,42928,48704,2,0,0,0,1,1,1,limit_push
0,16,4,0,2,1,1,0,0,1,0,1,1,4,3,267,48,18852,32476,1,0,1,1,1,1,1,subquery_flatten
1,1,5,3,1,1,1,0,1,1,0,0,1,4,1,277,31,47964,18980,2,0,1,1,0,1,1,projection_push
0,6,3,2,2,1,1,0,1,1,1,0,0,1,1,101,49,34694,11521,3,1,1,1,1,0,1,subquery_flatten
1,14,1,4,2,1,0,1,0,1,1,1,1,1,0,272,58,30084,8386,1,0,1,1,1,1,0,join_reorder
0,3,1,0,0,0,1,1,0,1,1,0,2,3,0,31,36,11971,28863,0,0,1,1,1,0,1,subquery_flatten
1,11,2,3,2,0,0,0,0,0,1,1,0,1,1,286,54,46432,26626,3,0,0,0,0,0,0,aggregate_early
0,14,3,3,0,1,1,0,1,0,0,0,3,3,0,143,42,57109,15522,0,1,0,1,1,0,0,subquery_flatten
0,14,5,4,1,0,1,0,1,1,0,0,1,5,2,168,14,24122,40861,3,0,0,0,0,0,1,projection_push
0,18,5,4,0,0,0,1,0,0,0,1,3,4,1,215,38,37587,28511,1,1,0,0,0,1,0,limit_push
1,10,5,0,0,1,0,1,0,0,0,1,3,4,0,29,54,20381,28771,3,1,0,1,0,0,1,full_scan
0,8,1,0,2,1,0,0,0,1,1,0,2,4,3,219,27,63630,36324,0,0,1,0,1,0,0,join_reorder
0,8,2,3,2,1,0,0,0,0,1,0,2,1,0,280,34,76395,5539,1,1,0,1,1,1,0,subquery_flatten
1,8,1,0,1,0,1,0,0,1,1,1,1,0,0,236,59,86305,7010,1,1,0,1,1,0,1,projection_push
1,13,5,3,1,0,1,0,0,1,1,0,0,0,3,143,29,77525,27513,3,1,1,0,1,1,0,limit_push
0,3,2,0,0,0,1,0,0,1,0,1,3,5,3,257,11,94970,14671,3,0,1,1,1,0,0,limit_push
1,13,2,1,0,0,0,1,0,1,0,0,2,3,0,297,47,27144,1824,0,1,0,0,1,0,0,aggregate_early
1,7,4,0,0,0,1,1,1,1,1,0,3,4,2,123,39,21827,42915,1,1,0,0,1,0,1,limit_push
0,2,1,4,0,1,1,1,1,1,1,1,3,0,1,33,38,40472,24028,3,0,1,0,0,0,1,full_scan
0,5,2,3,2,0,1,1,1,1,1,0,1,4,1,221,42,64529,38759,3,0,0,1,0,0,0,join_reorder
0,14,3,4,1,0,1,1,1,1,1,1,1,1,2,178,23,69026,6097,2,1,1,0,1,1,1,limit_push
0,4,3,4,1,0,0,0,0,1,0,1,0,2,3,270,51,16284,33887,1,0,0,0,1,1,1,full_scan
0,15,4,2,2,0,1,1,0,0,1,0,1,1,2,126,53,6497,32473,0,1,0,0,0,0,0,predicate_push
1,3,2,2,0,0,1,0,1,0,0,1,3,4,3,89,30,19815,29409,2,0,1,0,0,1,0,join_reorder
1,9,4,3,0,0,1,1,0,1,0,1,3,3,1,239,11,262,34842,3,1,1,1,1,1,1,subquery_flatten
1,13,4,0,0,1,1,0,1,1,1,0,0,4,3,197,37,30782,32362,1,0,0,1,1,1,0,join_reorder
1,15,5,1,1,1,1,1,1,0,0,1,0,1,0,150,27,34621,31803,0,0,0,0,0,1,1,index_scan
0,9,1,1,0,1,0,1,0,0,1,0,0,0,3,80,38,71807,23581,2,0,0,1,0,0,1,limit_push
1,6,2,0,1,0,0,1,1,1,0,1,1,1,3,144,43,93369,8635,2,1,1,1,0,1,0,full_scan
0,17,5,3,1,0,1,1,1,1,0,1,3,4,2,233,56,15039,881,2,0,0,1,1,1,1,index_scan
0,2,1,2,0,1,1,0,1,0,1,0,0,2,1,216,55,95086,2651,3,1,1,1,1,1,0,join_reorder
0,8,1,1,1,1,1,1,1,1,0,1,2,4,2,133,47,4235,6729,0,1,0,0,1,1,0,full_scan
1,16,3,4,1,1,1,1,0,1,0,1,2,5,2,35,5,25250,31952,2,0,0,1,0,1,1,join_reorder
1,5,1,2,0,1,0,1,1,1,1,1,0,2,0,284,56,95765,745,2,1,1,0,0,1,0,join_reorder
1,9,5,1,1,0,1,1,1,1,1,0,3,1,1,182,56,45196,6550,2,1,1,0,0,0,1,full_scan
1,17,5,3,2,1,0,0,0,0,1,0,3,1,1,267,32,67594,10793,0,1,1,0,1,0,0,full_scan
0,3,4,1,0,0,1,0,0,0,0,0,0,4,1,161,40,82479,24052,2,0,0,1,0,0,1,predicate_push
0,6,3,2,2,0,0,1,1,1,1,1,3,4,3,209,39,46838,38529,2,1,0,1,0,0,1,full_scan
1,6,1,2,1,0,0,1,0,0,1,1,0,5,2,92,59,94940,13174,2,1,1,1,1,0,0,join_reorder
1,17,1,0,0,1,0,0,0,0,0,1,1,0,3,87,32,14949,16332,0,1,1,0,1,0,0,subquery_flatten
1,17,4,2,2,1,1,1,0,0,0,0,3,3,0,191,37,72792,2144,0,0,0,1,0,0,1,full_scan
1,1,5,3,1,1,1,0,0,0,0,1,3,4,1,251,25,90006,42633,3,0,0,0,1,0,0,join_reorder
1,4,4,4,2,1,1,1,1,1,0,0,0,0,3,106,42,40297,2361,0,1,0,0,1,1,1,predicate_push
1,19,4,1,0,0,0,0,0,0,1,1,2,4,3,196,17,86816,43156,1,0,1,1,0,1,1,index_scan
1,7,5,4,0,1,1,1,0,1,1,0,0,4,0,60,21,33723,35734,2,0,0,0,0,0,1,predicate_push
1,19,3,4,2,1,0,0,1,1,0,1,3,4,0,128,16,72224,3411,0,0,1,0,1,1,0,full_scan
0,14,5,0,2,1,1,1,1,1,1,0,2,3,1,166,51,10751,33803,3,0,0,1,1,0,0,index_scan
0,2,5,0,1,1,0,0,0,1,1,1,2,5,0,58,32,17254,19639,1,0,0,1,0,1,0,full_scan
1,8,2,0,0,1,1,0,0,0,0,0,2,1,0,232,53,74978,39932,2,1,0,1,1,0,1,predicate_push
1,4,3,4,2,0,0,1,1,1,1,1,1,2,2,175,48,39858,3234,2,1,0,1,1,1,0,index_scan
1,4,4,0,2,1,1,1,0,0,1,0,3,0,0,66,24,71542,48896,1,1,1,1,0,0,0,subquery_flatten
0,11,1,0,1,1,0,1,1,1,1,1,3,5,0,50,8,5844,18384,1,0,1,1,1,0,0,predicate_push
0,4,2,2,1,1,0,1,0,1,0,1,1,2,0,264,34,53261,2269,0,0,1,1,0,0,0,limit_push
1,18,4,0,0,0,0,0,0,1,1,0,0,5,3,88,41,15948,2452,0,1,0,1,0,0,0,predicate_push
0,10,2,4,2,1,0,0,1,0,1,0,3,2,2,111,28,81632,37872,2,1,0,1,0,0,0,predicate_push
1,18,1,1,2,0,0,0,1,1,0,0,0,3,1,166,31,1240,24942,1,0,0,1,1,0,1,predicate_push
0,5,1,3,0,1,1,1,1,0,0,0,1,3,3,89,59,72905,28164,1,1,0,0,0,0,1,index_scan
0,18,1,2,0,1,0,1,1,0,0,0,2,3,2,182,52,48556,34731,3,0,0,0,0,0,1,full_scan
0,6,3,2,0,0,0,1,0,0,0,1,1,5,0,233,47,36774,19437,1,1,1,0,1,1,1,index_scan
1,3,1,2,2,1,1,1,0,1,0,1,2,2,0,44,41,86256,42827,3,0,1,1,0,0,0,join_reorder
0,2,1,1,1,1,1,1,1,0,1,0,2,2,1,207,17,10307,21893,0,0,0,0,1,1,1,full_scan
0,2,2,3,1,1,1,1,1,0,1,0,2,3,1,234,18,70363,38554,2,1,0,0,0,0,0,index_scan
0,13,5,2,0,0,0,0,1,0,0,0,2,5,1,29,40,1689,25335,3,1,1,1,1,1,1,aggregate_early
1,15,4,4,2,0,1,1,1,0,0,1,1,1,3,146,15,7116,14127,0,0,0,0,0,1,0,projection_push
1,6,1,1,0,1,0,1,0,1,0,1,2,0,0,126,23,53484,5893,3,1,1,1,0,0,0,predicate_push
0,6,4,2,0,0,1,0,1,0,0,1,2,0,3,194,27,85816,12280,2,0,0,0,1,1,0,index_scan
1,15,1,0,0,1,0,0,1,0,1,0,0,5,3,47,45,67014,1619,1,1,1,0,1,0,1,subquery_flatten
0,13,2,4,0,1,0,1,1,0,0,1,2,5,3,119,49,83792,20460,3,1,0,1,1,0,1,limit_push
1,12,5,3,1,1,0,1,0,1,0,0,0,0,0,137,58,55960,2200,1,1,0,0,1,1,1,limit_push
0,4,2,2,0,0,0,1,0,1,1,1,3,4,2,247,30,92489,44964,3,0,1,1,0,0,1,join_reorder
1,12,3,4,1,0,0,1,0,1,0,1,2,4,0,52,59,69661,20193,3,1,1,0,0,1,0,subquery_flatten
1,15,3,0,2,1,0,0,0,1,1,0,1,2,3,123,7,94208,41548,0,1,1,1,0,0,1,subquery_flatten
1,4,2,0,2,0,1,1,1,1,0,0,3,3,1,252,21,38558,46269,3,0,1,0,1,0,1,predicate_push
0,19,3,4,0,1,1,1,0,0,1,0,2,0,0,194,56,33083,24089,3,0,0,0,0,1,1,projection_push
0,18,5,3,0,0,1,1,0,1,1,0,1,4,1,296,50,27176,44705,1,1,1,1,1,1,0,subquery_flatten
1,3,5,3,0,0,1,0,0,1,0,0,1,2,2,175,48,28428,47475,3,0,1,1,1,1,0,projection_push
1,12,3,4,0,1,0,0,0,1,1,1,1,5,3,127,55,25472,3742,0,1,0,0,0,0,1,projection_push
1,8,5,1,1,1,1,0,1,0,0,0,0,2,3,107,54,87993,41145,3,0,0,1,1,0,1,full_scan
1,10,3,4,1,1,1,1,0,1,1,0,1,4,2,160,49,12397,2887,0,1,1,0,0,1,0,index_scan
1,7,1,2,0,1,0,0,0,0,0,1,1,0,1,192,56,5056,10295,0,0,1,1,0,1,0,projection_push
1,13,4,3,2,1,0,0,0,0,0,1,0,0,1,256,45,84800,13096,3,0,1,0,0,0,1,projection_push
0,19,5,3,2,0,0,0,1,1,0,0,1,3,2,103,19,47957,36048,0,1,0,1,0,1,0,limit_push
1,14,1,2,1,0,0,0,0,0,0,1,2,4,3,43,28,77901,19559,2,1,0,0,0,0,1,join_reorder
0,13,5,4,1,0,0,0,0,1,1,1,0,0,1,187,11,85176,11680,3,0,1,0,1,0,1,join_reorder
1,6,3,3,2,0,0,0,0,1,1,1,1,4,0,131,31,65558,16689,0,1,1,0,0,1,1,subquery_flatten
1,8,1,2,2,0,1,1,1,0,1,0,1,0,0,158,36,12397,43833,0,0,1,1,1,0,0,predicate_push
0,5,1,0,2,0,0,1,0,0,0,1,1,2,1,20,51,66042,13789,2,0,1,0,0,1,0,index_scan
0,9,5,3,0,0,0,0,0,1,1,0,0,0,0,290,40,50819,34019,3,1,0,0,0,1,0,full_scan
1,1,2,4,2,1,1,0,0,0,1,0,0,0,3,212,9,39294,44467,1,1,0,1,1,1,0,predicate_push
1,16,3,2,1,0,1,0,1,1,0,1,3,5,2,26,18,11989,24435,2,0,0,1,1,1,1,join_reorder
0,17,4,4,2,0,0,1,0,1,0,0,0,3,1,88,58,987,31902,0,1,1,1,0,0,1,aggregate_early
0,2,4,0,0,1,1,0,0,0,1,0,2,5,0,267,24,89216,15266,1,0,0,1,1,1,0,projection_push
0,2,2,4,1,0,0,1,1,1,0,0,2,0,3,90,7,45933,22725,0,0,1,1,1,1,1,limit_push
1,11,3,4,2,1,1,0,0,1,1,1,2,3,2,153,19,1406,3949,0,0,1,1,1,0,0,join_reorder
0,2,5,3,0,0,1,0,1,0,0,0,1,2,3,267,26,93127,18945,0,0,1,0,0,0,1,subquery_flatten
0,9,4,2,0,1,1,0,0,1,1,1,3,5,3,185,21,82389,18585,1,0,1,0,0,0,0,join_reorder
0,15,4,4,2,0,0,1,0,1,1,0,2,0,0,189,54,10551,28427,2,0,0,0,0,1,1,subquery_flatten
1,1,1,4,2,1,1,1,0,0,1,0,1,1,0,35,22,34497,26349,1,1,0,0,1,0,0,aggregate_early
1,14,3,1,1,0,0,1,0,1,1,0,1,1,0,92,10,24270,8124,2,0,1,1,0,1,0,index_scan
1,2,5,1,2,0,1,1,1,1,1,1,3,2,0,111,22,24517,16546,1,1,0,1,0,0,1,limit_push
1,7,5,2,1,1,1,1,0,0,0,0,1,5,1,140,5,67273,31881,0,1,0,0,0,1,1,aggregate_early
1,7,3,4,2,1,0,0,1,0,0,1,3,3,2,253,27,57720,32928,2,1,1,1,0,0,0,limit_push
1,5,4,1,0,1,1,0,1,0,0,0,0,0,1,128,39,56458,761,0,1,0,1,0,0,1,subquery_flatten
1,3,1,0,0,0,0,0,0,1,1,1,2,4,0,266,44,86565,41705,3,1,1,1,1,0,1,index_scan
1,11,2,2,1,1,1,0,1,0,1,1,0,1,3,30,18,69266,47961,2,0,1,0,1,1,1,full_scan
0,9,1,0,2,0,1,1,0,1,0,0,1,1,2,160,58,2020,44037,0,1,0,0,1,0,0,full_scan
0,7,2,0,2,0,0,1,0,0,0,1,0,4,0,260,21,39182,32230,2,0,0,0,1,1,1,full_scan
0,9,1,4,0,1,1,0,0,1,0,1,0,5,0,166,6,94736,5094,2,0,1,1,0,1,1,predicate_push
1,16,2,3,2,0,1,1,0,1,1,0,0,4,1,64,58,2482,49783,3,0,0,1,0,0,0,predicate_push
1,14,3,3,2,1,1,0,1,0,0,1,2,5,2,81,53,48108,14783,2,1,1,0,1,0,1,index_scan
1,8,1,1,1,0,1,0,1,0,1,1,3,0,2,230,48,20096,35486,2,1,0,0,1,1,0,projection_push
0,16,3,4,1,1,1,0,0,1,1,1,3,1,0,288,15,32921,17099,2,0,1,0,0,1,1,limit_push
1,10,4,2,2,1,0,1,1,1,1,0,1,1,1,243,53,16867,47265,1,0,0,0,1,0,1,aggregate_early
0,13,4,4,1,1,0,0,1,0,1,1,2,4,2,226,8,24131,10106,2,1,1,1,1,0,1,join_reorder
0,8,1,4,2,1,1,0,0,1,0,0,0,3,3,197,52,2203,465,2,1,1,0,0,0,1,aggregate_early
1,18,2,2,0,1,0,1,1,1,0,1,3,2,0,110,36,15008,27181,2,0,0,0,0,0,1,aggregate_early
0,17,3,3,2,0,0,0,1,0,1,0,3,4,2,105,42,43569,33787,1,0,1,1,1,0,0,full_scan
0,3,3,4,0,0,1,0,0,1,0,0,2,2,2,93,47,57084,38263,3,0,0,1,0,1,1,subquery_flatten
1,5,3,4,2,0,1,1,1,1,0,1,3,5,0,33,15,53635,28654,0,1,0,0,1,1,1,subquery_flatten
0,12,5,0,2,0,0,0,1,1,1,0,0,3,0,162,44,61945,10041,1,0,0,0,1,1,1,join_reorder
1,16,1,2,2,0,1,1,1,1,1,1,2,3,3,109,34,19504,25480,0,1,1,1,1,1,0,full_scan
1,8,3,3,0,1,1,1,0,1,1,1,2,5,1,254,11,82995,23696,2,0,1,1,0,0,0,full_scan
1,9,3,2,0,1,0,0,0,0,0,1,2,4,1,295,43,5850,48495,0,0,1,1,1,0,0,limit_push
0,2,2,3,1,1,0,1,1,1,1,1,3,3,2,103,7,57224,26716,3,1,1,1,1,0,1,predicate_push
1,8,5,3,1,0,1,0,1,0,0,1,3,4,1,105,8,44354,38325,3,1,0,1,0,1,0,limit_push
1,11,4,4,1,1,1,1,1,1,0,1,3,3,1,164,5,85338,25666,1,0,0,1,0,1,1,index_scan
1,13,1,1,2,1,1,0,0,1,0,0,2,4,0,51,13,86155,31479,1,0,0,1,0,1,0,subquery_flatten
1,12,3,3,2,0,0,1,1,1,0,0,3,2,0,243,44,34800,27600,0,0,0,1,0,0,0,join_reorder
1,14,4,3,2,1,0,0,1,0,1,0,1,3,0,241,7,89599,30032,1,1,1,1,1,0,1,full_scan
0,8,1,2,1,0,1,0,1,0,0,0,0,4,1,146,45,92546,29537,0,1,1,0,0,1,1,aggregate_early
0,10,2,0,0,0,1,1,0,0,0,0,0,1,3,238,49,77585,8619,3,0,1,0,0,0,0,aggregate_early
0,16,2,1,2,0,1,0,0,1,1,0,1,5,1,288,47,30776,47864,3,0,0,1,0,1,0,index_scan
1,10,4,4,2,1,1,1,0,0,1,0,1,0,3,246,15,13509,3891,0,1,0,1,0,0,1,index_scan
0,8,3,3,0,0,1,1,1,0,0,0,2,0,0,240,25,69560,28154,3,1,1,1,1,0,0,full_scan
0,8,1,0,2,0,0,1,0,0,0,1,2,2,2,175,21,9321,11510,3,1,1,1,1,0,0,predicate_push
1,4,2,0,2,1,1,0,1,1,1,0,0,3,2,207,50,71862,21789,3,0,1,1,1,0,1,index_scan
1,18,1,3,1,1,1,1,0,0,0,1,3,3,2,161,49,97157,5798,1,1,1,1,1,0,1,join_reorder
1,8,2,2,2,1,0,0,1,0,1,0,2,2,3,124,57,32399,15741,2,1,0,0,1,1,1,subquery_flatten
1,16,1,0,1,1,0,1,0,0,1,0,3,5,0,272,19,41053,349,1,1,0,1,0,0,1,index_scan
1,5,1,2,2,0,1,0,1,0,1,0,1,2,3,261,14,53692,7447,0,1,0,0,0,1,0,projection_push
0,5,3,4,1,0,0,0,0,1,1,0,3,3,2,49,15,18495,39119,3,0,1,0,0,1,0,full_scan
0,9,2,4,2,1,0,0,1,0,1,0,2,5,3,120,51,18916,20388,0,0,1,1,1,0,0,index_scan
1,6,3,4,1,0,0,0,1,1,0,0,1,0,3,97,49,61702,6609,1,0,1,0,0,1,0,predicate_push
0,17,5,2,1,0,1,1,0,0,0,1,1,4,1,39,10,68254,30243,1,1,1,0,0,1,1,aggregate_early
0,12,3,2,2,1,0,0,0,0,1,1,2,1,3,63,44,47099,23008,0,0,0,1,0,0,1,join_reorder
0,6,2,4,2,0,1,1,1,0,1,1,3,5,3,256,6,13698,45926,1,1,1,0,0,0,0,subquery_flatten
0,2,4,2,2,1,0,0,1,0,1,1,1,1,1,216,57,92992,16906,3,1,0,1,0,0,0,limit_push
1,14,4,3,0,0,1,1,1,1,0,1,1,0,0,221,24,68307,6619,2,0,0,1,0,0,0,full_scan
1,4,1,0,2,0,1,1,1,1,0,1,0,3,1,266,15,27486,31821,2,0,1,1,0,1,0,projection_push
0,9,1,1,2,0,0,0,0,1,1,0,1,0,3,256,52,94802,19580,1,1,1,0,1,1,1,subquery_flatten
0,9,1,2,1,1,0,0,0,0,0,1,0,0,3,83,6,48047,47324,1,1,1,0,0,1,0,predicate_push
1,3,5,2,1,1,1,0,1,0,0,0,3,1,3,207,17,96231,5977,1,1,0,0,0,0,0,full_scan
0,15,4,3,0,1,0,0,0,0,0,1,3,4,3,109,20,52103,2943,1,0,0,1,0,1,0,full_scan
1,10,5,3,0,0,0,0,0,1,0,1,3,2,0,125,25,53411,22792,2,0,1,0,1,0,1,subquery_flatten
1,2,2,4,1,1,1,0,0,0,1,0,2,5,1,240,40,35449,791,3,0,1,0,0,0,0,limit_push
1,15,1,3,0,1,1,1,1,0,1,0,1,2,0,297,8,60480,44431,1,0,1,0,1,0,0,join_reorder
0,10,3,0,0,0,0,0,0,0,1,1,2,3,1,149,6,90171,32628,3,1,1,1,0,0,0,predicate_push
1,1,3,4,2,1,0,1,1,0,0,0,2,3,3,66,32,21784,23338,1,1,1,1,1,0,1,predicate_push
1,18,3,2,0,0,1,0,1,0,0,1,1,0,3,201,34,79543,36735,0,1,0,1,1,1,1,index_scan
0,9,2,4,1,1,0,1,0,1,1,0,2,0,3,181,36,54845,44732,1,1,1,0,1,1,0,projection_push
1,2,4,3,1,0,0,1,1,1,1,0,1,0,1,213,33,41586,14959,0,1,1,0,0,1,0,projection_push
1,14,5,1,1,1,1,1,1,1,1,1,3,4,3,41,18,43746,11187,0,1,1,0,1,0,0,join_reorder
1,18,3,4,2,1,0,0,1,0,1,0,1,5,1,106,18,84384,14122,1,1,0,1,0,0,1,subquery_flatten
1,2,5,4,2,1,0,1,1,0,1,0,2,0,0,292,32,81945,4154,3,1,0,0,1,0,0,index_scan
0,6,1,1,0,0,1,0,0,1,0,0,3,3,2,115,15,47114,4178,1,1,0,0,1,1,1,predicate_push
1,14,3,0,2,1,0,0,0,0,1,0,3,5,3,48,52,3094,3844,2,1,0,0,0,1,1,join_reorder
0,9,4,2,1,0,1,0,0,0,0,0,3,0,1,71,51,43032,10550,3,1,1,1,1,1,0,projection_push
0,11,5,3,0,1,1,0,1,0,0,1,2,5,2,173,46,81518,19141,2,0,1,1,1,1,1,index_scan
1,1,3,2,1,0,1,0,0,0,0,1,0,3,1,159,47,77462,34520,0,1,0,1,1,0,0,index_scan
0,4,3,0,2,1,1,0,1,1,0,0,0,1,3,254,51,57756,4733,0,1,0,0,0,1,1,limit_push
0,17,3,3,0,0,0,1,1,0,0,1,1,2,2,200,58,41303,25181,1,1,0,0,1,0,1,index_scan
1,17,1,1,1,0,0,1,0,1,1,0,3,0,0,255,57,99615,9221,3,0,1,0,1,1,1,index_scan
0,18,1,4,2,1,0,1,0,1,1,1,2,2,2,51,18,61916,48885,3,1,0,1,0,0,0,predicate_push
0,4,5,0,2,1,1,1,1,0,0,1,1,5,1,222,6,72047,39233,3,1,1,0,0,0,0,index_scan
0,13,4,2,0,1,0,1,0,1,0,1,0,1,0,31,58,50113,8446,2,0,1,0,1,0,0,index_scan
0,15,2,3,2,0,1,1,1,0,0,0,1,3,1,205,37,63951,32798,2,1,0,1,0,1,1,index_scan
1,2,4,1,0,0,0,0,0,0,1,0,1,3,3,239,55,42714,12820,0,1,0,1,1,0,0,aggregate_early
1,10,3,1,2,0,0,0,0,0,0,1,3,4,2,54,10,5615,36233,0,0,0,0,1,1,0,projection_push
1,15,4,2,0,0,0,1,0,1,0,0,3,0,3,34,11,53573,19980,1,1,0,0,1,0,1,predicate_push
1,14,1,0,1,1,0,0,1,1,1,1,1,0,3,298,47,94441,14418,0,0,0,1,1,0,0,limit_push
1,18,3,3,2,0,1,0,1,0,1,0,0,3,3,87,50,62812,21573,3,0,1,1,1,1,1,full_scan
0,13,5,4,0,1,1,1,0,1,1,1,2,4,1,194,16,49746,39984,1,0,0,0,0,0,0,subquery_flatten
0,14,5,3,0,0,0,0,0,1,0,1,1,2,1,95,59,28479,43039,2,0,0,1,0,1,0,limit_push
0,5,2,2,1,0,0,1,1,1,0,1,2,3,1,169,20,88703,45139,2,1,0,1,1,1,0,subquery_flatten
1,8,5,0,0,0,1,0,0,1,0,0,2,5,0,165,27,85316,18424,0,0,0,0,0,1,1,full_scan
0,15,3,1,2,1,1,1,0,1,0,0,0,4,0,40,30,94603,2259,0,0,0,0,1,0,1,aggregate_early
1,17,4,0,1,0,1,1,0,1,0,0,0,5,1,94,18,2981,29963,2,0,0,0,0,1,0,projection_push
1,17,4,4,0,0,1,0,1,0,0,0,3,5,2,245,33,47094,4918,0,1,1,0,0,0,1,predicate_push
0,2,4,1,1,0,0,0,1,0,1,1,3,0,3,58,35,66637,47745,0,1,1,1,1,1,0,index_scan
0,15,4,0,0,0,1,1,0,1,0,0,0,3,0,266,9,66423,39090,1,0,1,0,0,1,1,aggregate_early
1,9,3,0,1,0,0,0,0,0,1,0,3,4,3,56,14,56927,24748,3,0,1,1,1,1,0,subquery_flatten
1,7,5,4,1,1,0,0,0,0,0,0,1,3,3,202,21,72933,3184,1,0,1,1,0,1,0,projection_push
0,18,3,3,0,0,1,0,1,0,1,0,1,0,3,34,29,1615,31770,2,0,1,0,0,1,1,subquery_flatten
1,19,1,0,2,1,1,0,1,1,1,1,3,2,1,292,49,33898,31998,1,1,1,0,1,1,1,subquery_flatten
1,17,3,1,2,0,1,1,1,0,0,1,0,5,2,109,52,21145,25883,2,1,0,1,0,1,1,full_scan
1,7,1,4,0,0,0,1,1,1,1,0,2,2,1,256,44,51006,563,1,0,1,0,0,0,0,projection_push
0,1,2,3,0,0,0,0,0,0,1,0,3,2,3,194,39,73943,40305,2,1,0,0,0,0,0,join_reorder
1,18,2,1,2,0,1,0,0,1,1,0,3,2,1,66,17,99387,22091,3,0,1,1,1,1,0,aggregate_early
0,2,4,0,0,1,1,1,0,0,0,0,3,4,0,57,18,53739,48574,1,1,0,0,1,0,1,limit_push
0,3,5,1,1,1,0,0,0,1,1,0,1,3,0,100,43,49212,22952,0,1,1,1,0,0,0,full_scan
0,5,2,0,1,0,0,1,1,1,1,1,1,4,1,270,50,9924,27050,0,0,0,0,1,1,1,aggregate_early
1,11,3,0,1,0,0,1,1,1,1,1,1,1,1,75,53,77339,13429,1,0,0,0,0,0,0,projection_push
0,15,2,2,1,1,1,1,1,0,0,1,1,1,2,89,26,16676,39505,0,1,1,0,0,0,1,limit_push
0,15,4,1,2,1,0,1,1,1,1,0,1,0,1,260,53,70267,9699,2,0,0,1,0,0,0,join_reorder
0,11,4,4,2,0,1,1,0,0,1,1,1,1,0,226,50,24091,1401,2,1,0,0,0,1,1,predicate_push
1,1,4,4,0,1,0,0,0,0,0,0,0,3,2,80,58,63243,23165,3,1,0,1,1,1,0,index_scan
0,7,4,4,2,1,0,1,1,0,1,1,1,2,1,29,54,24800,14920,3,1,1,1,0,1,0,limit_push
0,6,3,1,1,0,0,0,0,1,0,0,2,3,2,116,19,49799,10960,2,1,0,0,0,0,1,subquery_flatten
1,1,5,1,2,0,0,0,0,1,0,0,0,2,1,51,35,43701,3214,2,0,0,0,1,1,1,limit_push
0,10,2,1,1,1,0,1,1,0,0,1,2,1,2,223,20,19084,22659,2,1,0,1,0,1,1,predicate_push
1,2,4,1,2,0,0,0,0,1,1,1,2,1,0,222,14,27260,45256,3,0,0,1,0,0,1,full_scan
1,1,1,4,0,1,1,0,1,1,1,0,3,0,0,136,54,51667,25793,3,1,0,0,0,1,0,aggregate_early
1,10,5,0,1,1,1,1,0,0,1,0,0,5,0,176,35,96487,23989,2,1,1,1,0,0,1,index_scan
0,15,3,3,0,0,0,1,1,1,0,1,1,5,3,200,7,63556,11149,2,0,1,0,1,0,1,subquery_flatten
0,11,1,1,2,1,1,1,0,1,0,1,1,3,3,208,58,14241,9444,0,0,1,1,1,1,1,full_scan
0,7,4,3,2,0,1,0,1,1,1,0,0,1,0,231,7,71191,167,0,1,0,1,1,1,1,index_scan
1,12,1,4,1,1,1,1,1,1,0,1,3,3,3,85,46,83500,22714,2,0,0,0,1,1,1,projection_push
1,14,3,3,1,1,1,1,1,0,1,1,0,5,1,211,40,3189,33391,3,0,1,1,0,0,1,subquery_flatten
1,16,3,3,2,0,0,0,1,0,0,0,2,2,1,88,27,91928,36232,0,0,0,0,1,0,1,aggregate_early
1,11,2,4,2,0,1,0,1,1,1,1,3,5,1,188,14,45789,2036,0,0,1,0,0,0,1,subquery_flatten
1,10,5,1,1,0,1,0,1,1,0,0,1,3,0,281,12,70368,27618,3,0,1,1,1,0,1,aggregate_early
1,10,5,3,0,1,1,0,1,1,1,1,0,5,0,255,54,74305,27402,3,1,0,0,0,0,1,limit_push
1,12,4,1,2,1,1,1,0,0,1,1,3,2,1,139,12,73720,21851,1,0,0,1,0,1,0,predicate_push
1,12,2,2,1,1,0,1,1,1,1,1,0,2,2,245,56,41402,29248,2,1,0,1,0,0,1,projection_push
0,1,5,1,2,0,1,0,1,1,1,1,3,4,1,191,57,31725,25018,3,0,0,1,1,1,1,index_scan
0,13,1,3,1,0,1,0,1,0,1,0,2,5,3,159,28,33413,47000,0,1,1,0,1,0,1,limit_push
1,13,3,4,2,1,1,0,1,1,0,1,1,2,3,175,22,10928,47688,1,1,1,0,0,0,1,projection_push
1,12,4,0,2,0,0,0,0,1,1,0,0,4,1,197,19,54733,17243,2,0,1,1,1,0,0,subquery_flatten
1,4,5,0,2,1,1,0,0,0,0,0,3,4,0,238,43,92171,35550,3,1,0,0,1,1,1,subquery_flatten
0,10,1,3,1,0,1,1,0,1,0,1,0,5,3,201,32,28059,16582,0,1,1,1,0,0,1,aggregate_early
1,14,3,1,1,1,0,0,0,1,0,1,0,2,1,190,19,88841,18930,0,0,0,1,0,1,1,limit_push
1,18,4,0,2,1,1,1,0,0,0,0,0,1,2,82,59,8517,34865,3,0,0,0,0,1,0,join_reorder
1,16,4,3,0,1,1,0,0,1,1,0,3,2,2,193,46,40970,5665,1,0,1,1,0,0,0,join_reorder
0,2,1,2,2,1,0,1,0,1,1,1,0,4,2,46,8,15923,46115,1,1,1,1,0,1,0,limit_push
1,18,4,0,2,0,1,1,0,1,0,1,2,5,0,103,19,43258,47731,0,0,0,0,1,0,0,predicate_push
1,13,2,3,2,0,1,0,0,1,0,1,2,1,1,74,14,19523,4237,0,0,0,0,1,1,1,limit_push
0,19,5,0,0,0,1,0,1,0,0,0,0,4,1,204,35,43927,3616,3,1,0,0,0,1,1,index_scan
0,14,1,4,2,0,1,1,1,1,0,1,0,0,2,238,25,69811,30619,1,0,1,1,1,1,0,join_reorder
0,18,1,4,2,1,0,0,0,0,1,0,2,0,3,172,49,99401,14490,3,1,1,0,1,0,1,subquery_flatten
1,6,3,4,0,0,0,0,0,0,1,0,2,5,2,61,46,82334,15223,0,0,0,0,1,0,1,join_reorder
0,17,5,1,0,1,0,0,0,0,1,1,0,3,1,216,34,49455,47399,3,0,0,1,0,1,1,aggregate_early
1,10,1,2,1,0,1,1,0,0,0,0,0,3,0,290,32,50171,34912,2,1,0,0,0,1,1,index_scan
0,17,5,0,1,0,0,0,1,1,0,1,1,1,3,46,32,82014,778,0,0,1,1,1,1,0,limit_push
1,7,4,1,1,0,0,0,0,0,1,1,2,2,2,101,9,38385,9319,2,1,1,0,1,1,1,predicate_push
1,16,4,4,1,0,1,0,1,0,0,0,0,3,1,152,48,93069,26057,3,1,0,1,1,1,0,limit_push
1,17,4,0,2,0,1,0,0,0,0,1,1,1,1,64,55,8161,8709,3,0,1,1,1,0,1,full_scan
0,3,2,2,2,0,1,0,1,0,0,0,3,1,3,157,43,6843,38039,1,0,0,1,1,0,0,aggregate_early
0,6,4,2,2,0,1,0,0,1,1,1,2,3,0,160,31,63849,38772,3,1,0,0,0,0,1,index_scan
0,2,4,3,2,0,1,1,0,0,0,0,2,3,1,235,9,80055,11914,0,0,0,0,0,1,0,full_scan
1,1,1,4,2,0,1,0,1,0,1,0,0,1,1,135,38,73382,12075,2,0,0,0,0,1,1,index_scan
0,2,2,0,2,0,0,0,0,1,0,0,2,5,1,185,6,14649,18359,0,0,1,0,0,1,0,index_scan
1,1,2,4,2,1,1,1,0,0,1,0,2,1,2,189,52,90298,39236,3,1,1,0,1,1,1,limit_push
0,9,3,4,2,1,0,0,0,1,1,0,2,5,1,147,11,46605,33432,2,1,0,0,1,1,0,subquery_flatten
1,16,3,0,0,1,0,1,0,0,1,1,2,4,3,30,37,1993,13853,2,0,0,0,0,0,1,limit_push
1,4,3,1,2,0,0,0,0,0,1,0,0,0,2,103,7,76578,17558,1,1,1,1,0,1,1,aggregate_early
0,2,2,3,1,0,0,1,1,1,1,1,0,0,2,196,7,99373,28136,1,1,0,0,0,1,1,subquery_flatten
1,8,5,2,0,1,0,0,1,0,0,0,3,2,0,174,42,11453,46877,1,0,1,1,0,0,1,full_scan
0,7,5,2,1,0,0,1,1,1,1,1,1,1,0,112,52,61292,48833,1,1,0,1,1,1,1,aggregate_early
1,5,1,4,1,1,1,1,0,1,0,0,0,0,0,110,28,26672,18048,2,0,0,1,1,1,0,aggregate_early
0,10,2,3,0,0,1,1,1,0,0,0,2,0,2,172,58,79072,166,1,0,1,1,0,1,1,projection_push
1,2,4,4,2,1,1,1,0,0,0,0,0,4,3,256,34,78028,8038,1,0,0,1,1,1,1,aggregate_early
1,13,1,1,2,1,1,1,1,1,1,0,0,2,1,226,20,66930,15196,1,0,0,0,1,0,1,predicate_push
0,3,5,1,2,1,1,0,0,1,1,0,2,2,2,278,16,11901,22472,3,0,1,0,0,0,1,join_reorder
1,18,5,3,0,0,1,1,0,1,1,1,3,0,2,236,20,1949,2742,0,0,1,0,1,1,0,aggregate_early
1,5,5,3,0,1,1,1,0,1,1,1,0,3,3,122,51,80010,1408,1,1,0,0,1,1,0,predicate_push
0,14,1,4,1,1,1,1,1,0,0,0,1,1,2,21,55,44428,46302,0,1,1,1,1,0,0,limit_push
0,12,3,4,0,1,1,1,1,0,0,0,0,1,0,119,22,96364,32417,0,0,0,1,1,0,0,limit_push
1,10,5,4,1,1,0,0,1,0,1,0,1,2,2,133,46,26128,29645,1,1,0,1,1,1,0,index_scan
1,13,4,0,0,1,1,1,1,0,1,0,2,4,0,253,36,23940,21158,1,1,1,0,0,1,0,aggregate_early
1,9,2,1,1,0,1,1,0,0,0,0,3,2,2,149,58,66444,24847,3,0,1,0,1,1,1,aggregate_early
1,5,2,1,1,1,1,0,0,0,1,0,1,5,1,74,7,37360,42598,1,0,1,1,0,1,0,join_reorder
1,17,2,3,0,1,1,0,0,1,1,1,0,3,3,65,48,61208,40734,1,1,0,0,0,1,1,full_scan
1,15,1,2,0,0,0,0,0,1,1,0,2,2,3,45,31,49953,31926,3,1,1,0,0,1,0,index_scan
0,5,3,0,2,1,0,0,1,1,1,1,0,1,3,196,30,28904,35890,0,1,0,0,0,0,0,projection_push
1,16,5,0,1,1,0,0,1,1,0,1,1,1,1,125,28,86773,34814,0,1,1,1,0,0,1,aggregate_early
1,6,2,3,2,1,1,0,0,1,0,1,1,0,0,232,45,91629,1624,2,0,0,0,1,1,0,aggregate_early
1,19,2,1,2,1,0,0,1,1,0,1,2,0,2,229,43,65964,46551,3,0,0,0,0,1,1,aggregate_early
0,18,4,4,0,1,0,0,1,1,1,0,1,3,2,193,33,62470,47699,1,0,1,0,1,0,0,full_scan
1,17,3,1,2,1,1,0,0,1,1,0,2,1,1,275,29,81299,34328,2,1,1,1,0,1,0,aggregate_early
0,1,5,2,1,0,1,0,1,1,1,1,0,0,2,187,56,13286,16559,2,1,1,1,1,1,0,limit_push
0,9,5,2,0,0,0,0,1,1,0,0,2,5,1,184,55,39231,8223,2,0,0,0,1,1,0,predicate_push
0,2,5,4,1,0,1,0,0,0,1,0,0,5,3,44,6,42716,9341,1,0,0,0,0,0,0,aggregate_early
0,19,4,0,0,0,0,1,1,0,1,1,2,4,0,194,58,51686,16351,0,1,0,0,1,1,1,index_scan
1,18,4,3,1,1,1,0,0,1,0,0,1,5,3,191,13,88634,11029,0,1,0,1,1,0,1,index_scan
0,5,1,1,1,0,1,0,1,1,0,1,2,2,3,48,27,97137,29874,0,0,0,0,0,0,0,predicate_push
0,14,5,3,1,0,0,0,1,0,1,0,1,5,0,250,44,71285,9220,3,0,1,0,0,0,1,predicate_push
1,5,2,3,0,1,1,1,1,0,0,0,3,1,0,272,34,85474,45012,3,0,1,0,1,1,1,limit_push
1,3,1,4,1,0,1,1,0,1,0,1,3,2,3,172,6,28351,4632,0,1,0,1,1,0,0,subquery_flatten
0,5,5,1,2,0,0,1,0,1,1,1,2,5,2,141,35,49211,23966,2,0,1,1,0,1,1,join_reorder
1,16,5,2,0,0,1,1,1,1,1,0,1,0,3,246,12,9207,6093,1,0,1,0,1,0,0,subquery_flatten
0,17,4,2,2,0,0,0,0,0,0,1,2,1,3,149,24,29042,29159,1,1,1,0,0,1,0,predicate_push
1,2,3,4,2,0,1,0,1,1,1,1,1,2,0,210,48,46257,41134,2,0,0,1,0,0,0,full_scan
1,12,2,4,0,1,1,1,1,0,0,0,2,4,0,165,37,89131,8534,0,1,0,0,0,1,1,limit_push
1,3,4,3,0,1,1,0,0,0,0,1,2,5,3,161,48,25857,37940,3,1,1,0,1,1,0,projection_push
1,5,2,2,1,1,1,0,1,1,1,0,2,3,3,218,27,59374,7737,1,0,1,0,1,1,0,projection_push
1,18,4,1,1,0,0,1,1,0,1,0,0,0,1,122,51,91517,40328,1,0,0,1,1,0,1,subquery_flatten
1,14,5,1,1,1,1,1,1,1,0,0,1,3,0,242,51,46157,12637,3,0,1,1,0,1,0,subquery_flatten
0,7,2,1,2,1,0,1,0,1,0,1,0,1,0,97,48,64380,15862,2,0,0,1,0,1,1,subquery_flatten
1,19,3,3,0,0,0,1,0,1,1,0,1,5,2,124,22,38446,29541,3,1,1,0,0,1,1,aggregate_early
0,2,1,1,0,0,1,1,1,0,1,0,1,3,0,130,10,21730,40139,0,0,1,0,0,0,1,index_scan
1,8,5,0,1,1,0,1,1,0,1,0,2,1,2,103,54,7590,41761,2,1,1,1,1,1,0,full_scan
1,7,3,2,0,1,1,1,1,0,0,1,3,1,3,98,48,18402,3332,2,1,1,1,1,0,0,index_scan
1,17,5,4,0,1,0,0,1,1,1,0,0,4,0,295,51,96657,44653,0,0,0,0,0,1,1,index_scan
0,17,1,2,1,1,1,0,0,1,1,0,3,0,3,137,8,56672,41857,3,1,0,0,1,0,1,predicate_push
0,4,4,4,2,1,0,1,0,1,0,0,3,2,2,250,46,27297,20819,1,1,0,0,1,0,0,subquery_flatten
0,4,1,3,0,1,0,0,0,1,1,1,2,0,3,189,16,14792,18220,2,1,1,1,1,0,0,aggregate_early
0,13,5,1,2,1,0,0,1,0,0,0,2,5,3,86,49,52872,3290,1,1,1,1,0,1,0,index_scan
1,17,2,3,1,1,0,1,1,0,1,1,0,0,3,142,33,39031,38132,3,0,1,1,1,1,1,aggregate_early
0,9,4,1,2,1,1,1,0,0,0,0,2,1,3,115,29,93386,8693,2,1,1,1,1,0,1,predicate_push
1,6,1,4,1,1,1,0,1,1,1,1,1,2,1,203,16,9816,41663,1,0,1,0,0,0,1,predicate_push
0,16,3,3,2,1,0,0,1,1,0,1,3,0,2,142,58,34831,5253,1,0,1,0,1,1,0,limit_push
1,7,1,4,2,0,1,1,1,0,1,1,3,5,0,64,48,47422,37406,1,0,0,1,0,0,1,projection_push
0,6,3,0,1,0,1,1,0,0,1,1,1,3,0,59,23,86438,43701,0,0,1,0,0,1,1,full_scan
1,18,4,2,2,1,0,0,1,0,1,0,1,0,0,183,25,82312,9943,3,0,0,0,0,1,0,aggregate_early
1,7,1,1,2,0,1,0,0,1,1,1,0,4,2,102,46,51528,45066,3,1,0,1,1,0,0,subquery_flatten
0,13,2,0,2,1,0,1,0,0,1,0,3,4,0,100,25,27663,22239,2,0,1,1,0,0,1,index_scan
1,11,5,1,2,0,0,0,1,0,0,0,2,1,2,205,10,20180,36764,0,0,1,1,0,0,0,index_scan
0,1,3,1,1,1,0,0,0,0,0,1,0,3,2,225,35,62014,13850,1,0,1,0,1,0,0,limit_push
0,2,5,3,1,1,0,0,1,0,0,0,1,3,0,289,40,48052,33937,3,1,1,1,1,0,1,full_scan
1,3,1,2,0,1,0,1,1,1,1,1,1,0,2,160,37,95037,41648,2,0,1,1,1,0,0,predicate_push
0,17,3,3,0,0,0,1,0,0,0,0,3,2,0,140,38,78125,1453,2,1,1,1,1,1,0,subquery_flatten
0,13,5,0,1,1,1,0,1,0,0,0,1,2,3,195,42,54313,48473,2,1,0,1,1,1,1,join_reorder
1,11,4,1,1,0,0,0,1,1,0,0,0,1,0,203,28,99116,26851,2,0,0,0,1,1,1,limit_push
0,3,3,2,2,0,0,0,1,1,1,1,2,0,1,90,19,20469,12981,3,0,1,1,1,1,1,predicate_push
1,7,2,4,2,0,1,1,0,0,1,0,3,4,2,168,28,96751,19959,1,0,1,1,0,1,1,join_reorder
0,11,4,4,0,1,1,1,1,1,1,1,0,0,2,182,47,34432,40200,0,1,1,0,1,1,0,predicate_push
0,10,3,1,1,1,0,1,1,1,1,1,3,1,2,75,46,80820,769,3,0,0,1,0,0,1,projection_push
1,17,1,0,0,0,1,1,1,0,1,0,0,5,1,223,46,16782,19722,0,1,0,1,1,0,0,full_scan
0,16,1,2,0,0,0,1,0,0,0,1,1,5,1,180,6,45953,49490,3,1,1,0,0,1,1,full_scan
1,5,4,4,0,0,1,0,0,1,1,1,0,1,2,220,32,56966,47178,0,1,0,1,0,0,1,subquery_flatten
0,3,1,4,0,1,1,1,0,0,0,1,2,3,0,124,10,81882,25861,2,0,1,0,0,0,0,join_reorder
1,5,2,0,1,0,1,1,1,1,0,0,3,1,3,67,25,63271,45871,3,0,1,1,1,0,0,subquery_flatten
1,10,2,1,0,0,0,0,0,1,1,0,3,1,2,124,38,39391,12497,3,0,1,0,0,1,1,join_reorder
0,13,1,4,2,0,1,0,0,1,0,0,0,0,1,158,32,55712,35038,3,0,0,0,0,1,1,aggregate_early
0,18,5,0,2,1,1,0,1,0,0,1,3,5,1,284,26,73018,901,2,1,1,1,1,1,1,limit_push
1,10,4,0,0,1,1,1,0,0,0,1,3,1,1,133,23,54537,48606,2,0,0,1,1,0,1,index_scan
1,10,2,1,1,0,1,0,0,1,0,1,0,4,1,215,30,14034,10195,2,0,0,0,0,0,1,subquery_flatten
0,11,1,2,2,1,1,1,0,0,0,1,1,0,3,42,51,72304,45884,1,1,1,0,1,0,0,index_scan
0,2,3,0,1,1,1,1,1,1,1,0,0,0,0,151,39,84205,7186,2,1,1,1,0,0,1,predicate_push
1,11,5,0,2,0,1,1,0,1,1,0,1,1,3,189,22,91649,28028,2,0,0,1,1,1,0,predicate_push
0,12,1,3,0,1,0,0,1,1,0,1,0,2,3,72,51,93393,42007,3,1,0,1,1,1,0,limit_push
1,16,3,4,2,0,0,0,1,1,0,0,3,1,1,125,17,81471,19357,2,1,0,0,0,0,1,join_reorder
0,2,2,4,1,0,0,1,0,1,1,0,3,0,0,171,34,50721,10992,1,0,0,1,1,1,0,full_scan
0,8,4,2,0,1,1,1,1,1,0,0,0,5,2,68,55,56665,1412,1,0,1,0,1,0,1,limit_push
0,14,1,4,1,0,0,0,1,1,1,1,1,5,3,268,58,17423,22784,2,1,0,1,1,1,0,predicate_push
1,1,1,0,1,0,0,0,0,0,0,1,3,5,3,135,19,27428,19193,2,1,1,1,1,1,0,index_scan
1,3,2,0,2,0,0,0,0,0,0,0,0,2,0,290,39,51410,15322,3,1,1,0,0,0,1,index_scan
0,2,3,4,0,0,1,0,0,1,1,0,1,3,0,210,55,66288,16282,0,0,0,1,1,1,0,full_scan
1,19,1,1,1,0,0,1,0,1,1,1,1,3,3,248,24,24943,46584,0,0,1,0,1,1,1,subquery_flatten
0,3,4,0,1,0,0,0,0,1,0,0,0,2,2,298,13,4825,20161,1,1,0,1,1,1,0,projection_push
1,16,2,3,1,0,1,0,0,0,0,1,1,1,2,93,39,63290,49748,3,1,0,1,1,0,0,projection_push
0,1,4,0,0,1,0,0,0,1,1,1,2,4,3,213,23,74491,38736,3,0,0,1,0,1,0,predicate_push
1,9,4,3,0,0,0,1,1,0,0,1,0,1,2,250,53,44235,37167,0,1,1,0,1,1,1,subquery_flatten
0,7,2,0,1,1,1,0,0,1,1,0,2,2,1,232,56,78024,11419,3,1,0,0,0,1,0,join_reorder
0,13,5,3,1,1,0,1,1,1,0,1,1,0,0,81,54,68149,2901,1,1,1,1,0,0,1,limit_push
1,11,1,4,0,0,0,0,0,1,0,0,0,4,3,199,38,83206,48323,1,1,0,0,0,1,1,predicate_push
0,2,3,2,1,0,1,1,0,0,1,1,1,1,1,111,59,4118,5292,3,0,0,1,0,1,1,join_reorder
1,13,3,3,2,0,0,0,1,0,1,1,0,3,1,101,48,31175,30797,0,0,1,1,0,0,0,aggregate_early
1,10,1,2,2,1,0,0,0,1,1,1,2,2,0,165,58,45412,21792,3,0,0,0,1,0,0,predicate_push
0,8,2,2,2,1,0,1,1,1,0,0,2,5,0,242,11,70018,1885,2,1,1,0,0,1,0,full_scan
1,6,1,3,2,0,0,0,0,1,0,0,2,0,2,129,17,17390,5599,0,1,1,1,1,0,0,projection_push
1,17,2,2,0,0,0,1,1,0,0,0,3,3,0,289,29,13413,1659,1,1,1,0,1,1,1,predicate_push
0,6,3,1,0,1,1,0,0,0,0,1,1,5,2,93,21,3847,13979,2,1,1,0,0,0,0,predicate_push
1,1,5,4,2,0,1,1,1,1,0,1,0,1,3,245,11,52237,659,1,1,0,1,0,1,0,index_scan
0,15,1,0,1,0,0,1,0,0,0,0,1,0,0,67,12,532,4251,0,1,0,1,1,1,0,index_scan
0,1,2,1,2,0,0,1,0,0,1,1,0,0,3,80,21,75412,22047,3,1,0,0,0,1,1,index_scan
1,5,2,0,2,0,1,1,1,0,1,1,3,5,1,84,28,11451,49964,1,1,0,1,0,1,0,subquery_flatten
1,19,3,1,0,1,0,0,1,1,0,1,3,0,2,256,39,85920,15800,1,1,0,1,0,1,0,index_scan
0,11,4,3,1,1,0,0,0,0,0,1,2,0,1,136,47,82899,46974,0,1,0,0,1,1,1,aggregate_early
1,4,3,1,0,0,1,1,0,1,0,1,3,0,3,187,42,14008,30752,0,0,0,0,1,1,0,projection_push
1,12,3,1,0,0,0,0,1,0,1,1,0,2,2,73,44,90041,38837,0,0,1,1,1,0,0,index_scan
1,16,3,0,1,1,0,1,0,0,1,1,1,5,3,126,20,98166,38836,2,1,1,0,0,0,1,index_scan
0,12,5,2,2,1,0,1,1,0,0,0,2,1,3,64,16,92516,2680,2,0,1,1,0,1,0,aggregate_early
0,12,2,4,1,1,0,1,0,0,1,0,0,3,2,93,51,55579,17530,1,0,0,1,0,1,0,predicate_push
1,1,3,2,0,0,0,0,0,1,0,0,1,1,3,260,18,38997,43283,2,0,0,0,0,1,0,aggregate_early
0,9,2,2,1,1,0,0,0,0,0,1,2,0,3,80,58,68854,20241,0,1,1,0,0,0,1,join_reorder
1,1,5,0,2,0,1,0,0,0,0,0,1,0,3,65,37,23344,48877,3,1,0,0,0,0,0,projection_push
1,2,1,3,2,0,0,1,0,0,1,0,3,4,3,86,11,49147,35618,1,0,0,0,1,1,1,full_scan
1,7,1,4,0,1,0,1,0,1,1,1,0,0,0,216,42,86749,11236,3,0,1,1,1,0,0,full_scan
1,16,5,4,2,1,0,1,0,1,1,0,3,1,3,253,13,68326,36959,2,1,0,1,0,1,1,projection_push
1,3,2,0,1,1,0,0,1,0,1,0,0,2,0,222,37,82435,9763,3,0,0,1,1,1,1,aggregate_early
0,1,2,2,1,1,1,0,1,0,1,0,3,0,1,215,34,64695,12774,2,0,1,1,1,1,1,full_scan
0,5,5,0,0,0,0,1,1,1,1,1,3,5,2,56,36,27306,20356,2,0,0,1,0,1,1,full_scan
0,6,4,1,2,1,1,1,1,0,1,1,3,5,3,144,47,73651,3230,3,0,1,0,0,1,0,index_scan
0,17,4,0,0,1,1,1,0,0,0,0,3,5,0,24,20,73589,37652,1,0,0,1,0,1,0,projection_push
0,5,3,1,1,0,0,0,0,1,0,0,2,5,0,154,18,45902,2584,2,1,0,1,1,1,0,full_scan
1,16,4,0,0,1,0,0,0,1,1,0,3,0,2,246,37,29148,19769,1,1,1,0,0,1,1,aggregate_early
0,4,5,0,1,1,0,0,1,0,0,0,1,1,0,73,14,51772,12147,0,1,0,1,0,0,1,full_scan
0,4,1,0,1,1,1,1,0,0,1,0,0,2,0,287,8,15832,18626,0,0,0,1,0,0,1,subquery_flatten
0,5,1,0,1,0,0,1,0,1,1,1,0,4,0,66,50,3371,45582,1,1,1,1,1,0,0,aggregate_early
0,13,1,2,2,0,1,0,0,1,0,0,1,1,2,239,35,38134,37222,3,0,0,0,0,0,0,aggregate_early
1,16,4,0,0,0,0,0,1,0,0,1,3,3,2,194,58,37863,44854,2,0,0,0,0,1,0,join_reorder
1,10,5,2,1,1,1,0,0,0,0,1,3,2,0,41,52,21568,27173,3,1,1,0,0,0,0,predicate_push
0,8,4,2,0,1,1,1,0,1,0,0,1,2,2,47,12,41083,45779,3,0,1,1,0,1,0,full_scan
1,9,2,0,0,1,1,0,1,0,1,0,3,0,2,189,50,47673,10684,0,1,1,1,1,1,0,full_scan
1,13,3,3,0,0,0,0,1,1,1,0,2,0,0,106,58,29817,41856,3,0,1,0,0,1,0,aggregate_early
0,14,3,4,0,1,1,1,1,1,0,1,3,5,2,230,50,99824,32096,0,0,0,0,0,1,0,join_reorder
1,3,3,3,0,0,1,1,1,0,0,1,2,5,0,163,28,48168,28172,1,0,0,1,0,0,0,join_reorder
1,18,4,2,2,1,0,0,0,0,1,1,0,0,3,50,41,29854,3524,2,0,0,0,0,1,1,index_scan
1,7,2,4,2,1,1,0,0,0,1,0,3,0,3,179,24,58581,8002,3,1,1,0,0,0,0,predicate_push
0,17,1,2,1,0,0,0,1,1,0,0,3,2,1,163,22,98794,28560,3,0,1,1,0,0,0,join_reorder
1,19,3,4,1,1,1,0,0,1,0,0,2,1,2,99,46,64992,42779,3,0,1,1,1,1,1,projection_push
1,4,1,1,2,0,0,1,0,0,1,0,1,4,1,23,56,19433,4361,1,0,1,0,1,1,0,subquery_flatten
0,3,3,1,2,0,1,1,1,0,0,0,2,2,3,192,58,43654,19914,0,1,0,1,0,0,1,predicate_push
1,1,3,2,2,0,0,0,1,0,0,0,3,0,2,234,32,48691,20814,3,1,0,0,0,0,0,index_scan
0,9,5,1,2,0,0,0,1,1,0,0,3,5,3,70,21,67719,46246,0,1,0,0,0,1,0,join_reorder
1,4,5,4,2,1,0,0,0,0,0,0,0,5,2,299,27,63853,44825,0,0,0,0,0,1,1,aggregate_early
1,12,2,2,0,1,1,0,0,1,0,0,3,5,2,274,20,27173,4290,3,0,1,0,1,1,0,join_reorder
0,7,4,4,0,0,0,1,1,0,1,0,1,4,2,241,55,71425,29030,2,1,0,0,0,0,0,index_scan
0,9,2,4,2,1,0,0,0,0,0,0,3,3,3,288,33,63238,22688,1,1,0,0,0,1,1,aggregate_early
1,11,2,1,0,1,1,0,1,0,1,0,0,1,3,172,34,30446,22848,0,1,1,0,0,1,1,full_scan
1,13,2,2,1,0,1,1,0,0,1,0,3,5,3,219,6,44009,23170,1,1,1,0,1,1,0,predicate_push
1,10,5,0,2,1,1,0,1,0,0,1,2,5,2,262,46,48988,48448,0,0,0,1,0,1,1,subquery_flatten
1,10,3,3,2,0,0,1,1,1,1,0,2,3,0,81,41,14226,45762,2,0,1,1,0,1,0,predicate_push
0,12,5,3,0,0,1,1,1,0,0,1,3,3,3,23,51,84830,19576,0,1,0,1,0,0,0,full_scan
0,2,3,1,0,1,1,0,0,0,0,1,1,1,3,285,19,17600,48924,2,0,0,1,0,1,1,index_scan
1,4,3,0,2,0,1,1,1,1,1,1,0,3,1,240,10,72110,47547,0,0,1,1,0,1,1,subquery_flatten
0,11,2,1,1,0,1,0,1,1,0,1,2,0,1,247,6,46013,46424,1,1,1,1,1,0,1,index_scan
1,4,3,1,2,0,1,0,1,1,0,1,1,4,0,158,43,14540,8060,2,1,1,0,0,1,0,aggregate_early
1,19,2,0,1,1,0,1,0,1,1,1,0,2,3,272,13,12480,42745,2,1,1,1,0,1,0,predicate_push
1,6,1,4,1,1,0,0,1,0,0,0,0,2,2,151,44,99038,32643,3,0,1,0,1,1,1,limit_push
0,14,3,4,2,1,0,0,0,0,0,0,1,5,2,87,32,40821,37245,3,0,0,0,1,0,1,index_scan
1,1,3,2,0,1,0,0,0,1,0,0,2,4,0,287,37,53979,8820,0,0,1,1,1,0,1,limit_push
0,18,5,1,1,1,0,1,1,1,1,0,0,2,3,54,37,83208,38512,1,0,1,1,0,1,0,subquery_flatten
0,2,2,3,2,1,1,0,0,1,1,0,3,3,1,131,23,56797,4946,3,0,1,0,1,0,1,projection_push
0,13,3,0,1,0,0,1,0,0,0,1,2,5,3,226,28,49372,7008,0,1,1,1,1,0,0,limit_push
0,4,2,2,0,1,1,1,1,1,0,1,1,4,2,199,27,42975,24159,1,1,1,1,1,0,1,projection_push
1,8,1,0,0,1,1,0,0,1,1,1,2,3,2,93,43,18991,36296,3,0,0,1,1,1,1,predicate_push
0,10,5,0,1,0,1,0,0,0,0,0,1,4,3,284,11,87795,8010,1,1,0,0,0,1,0,projection_push
1,13,4,4,1,1,1,1,1,1,0,0,0,3,3,187,58,73701,29973,0,0,0,1,0,1,1,limit_push
0,5,4,0,1,1,0,0,1,0,0,0,2,1,2,101,30,61862,35037,3,0,0,0,0,0,1,join_reorder
0,7,1,0,1,0,1,0,0,0,1,1,3,4,3,59,43,10322,24049,0,0,1,1,0,0,1,full_scan
1,11,1,1,0,0,1,0,1,1,0,0,3,1,0,50,52,23186,20201,3,1,0,1,1,0,1,full_scan
0,9,2,0,1,0,0,0,0,0,1,0,0,0,3,43,29,62963,691,1,0,0,1,1,1,1,index_scan
1,17,3,0,0,1,0,1,0,0,1,0,1,5,1,61,15,76795,2374,2,1,0,1,0,0,1,predicate_push
0,12,1,3,1,1,1,1,0,0,1,0,1,4,1,299,23,34486,43847,2,0,1,0,1,1,1,predicate_push
0,16,5,4,1,1,0,0,0,1,1,0,0,3,1,56,57,25205,14394,3,1,0,0,1,0,1,subquery_flatten
0,8,3,0,2,1,0,1,1,1,1,1,2,5,2,205,40,18398,14440,0,1,1,0,0,0,1,predicate_push
0,8,1,3,1,0,0,1,1,0,0,1,2,5,2,264,49,3788,14783,0,1,0,1,1,0,1,limit_push
1,16,1,1,2,0,1,0,0,0,0,0,0,0,1,107,37,43763,15467,0,0,0,0,1,0,1,subquery_flatten
1,7,3,2,1,0,0,1,1,1,1,1,0,2,0,237,26,30148,3165,0,0,0,0,1,0,0,join_reorder
0,15,4,4,2,1,0,0,1,0,0,1,1,3,3,80,44,17240,43584,1,0,0,1,1,1,1,aggregate_early
0,7,1,0,2,1,0,0,0,1,1,1,1,4,2,206,10,58368,884,0,1,1,1,0,0,0,predicate_push
1,11,2,4,0,0,0,1,0,1,0,0,0,2,3,81,59,60040,17962,1,1,1,1,0,0,1,aggregate_early
0,8,1,4,2,0,0,0,0,0,1,0,3,4,1,72,24,35461,10415,0,1,1,0,1,1,1,predicate_push
1,7,4,3,2,1,0,1,0,1,1,0,0,4,2,68,25,10610,44145,1,1,1,0,1,0,1,predicate_push
0,9,5,3,2,0,0,0,1,1,0,0,2,4,1,279,9,27368,44078,2,0,1,1,0,1,1,join_reorder
0,2,3,1,0,1,0,0,1,1,0,0,3,3,1,101,23,23980,19143,3,0,0,0,0,0,0,projection_push
0,9,5,2,2,1,0,1,1,1,0,0,2,4,2,184,5,95852,7332,2,0,1,0,0,1,0,limit_push
1,8,4,0,1,0,0,0,1,0,1,1,0,4,0,148,6,55709,24609,1,1,1,1,1,0,0,subquery_flatten
1,1,4,2,0,0,0,1,1,1,1,1,0,0,3,250,12,80246,8537,2,1,1,0,0,1,1,aggregate_early
1,3,3,2,2,1,0,0,0,0,1,0,3,4,3,120,8,87152,35372,0,0,1,1,0,1,0,index_scan
1,12,5,2,2,1,1,1,1,1,1,0,0,3,3,163,14,87248,39717,2,0,1,0,0,0,1,predicate_push
1,14,2,2,1,0,0,0,0,1,1,0,3,1,1,194,8,17818,16805,2,0,0,1,0,1,0,join_reorder
0,19,5,3,0,0,0,0,1,0,0,1,1,3,2,279,26,63450,16584,2,1,0,1,1,1,0,join_reorder
1,10,1,1,2,0,1,1,1,1,0,0,3,0,1,105,42,46108,32975,0,0,0,1,0,1,1,predicate_push
1,5,2,3,1,1,1,0,0,1,0,1,2,0,3,184,52,85948,21895,0,1,0,1,0,1,0,limit_push
1,12,4,2,0,0,1,1,1,1,1,0,0,2,3,93,12,21027,34679,3,0,0,1,1,1,0,predicate_push
1,13,5,3,2,0,1,1,0,1,0,0,3,0,3,86,51,45128,15395,1,0,1,1,0,1,1,predicate_push
1,6,1,4,1,1,0,0,1,1,0,1,0,0,0,96,25,52204,8180,2,0,0,0,0,1,1,join_reorder
1,6,5,1,0,0,1,1,1,1,0,1,1,3,3,45,57,49104,49792,2,0,1,0,0,1,0,subquery_flatten
0,3,2,4,0,1,1,1,1,1,1,1,3,1,3,130,22,83556,39069,0,0,0,1,1,1,1,subquery_flatten
1,14,4,4,0,1,1,1,1,0,0,1,2,2,1,97,48,82308,40847,3,0,0,1,0,1,1,predicate_push
0,6,2,2,0,0,1,1,0,0,1,0,3,2,1,293,49,44234,37923,2,0,0,1,1,0,0,index_scan
1,13,2,3,1,0,0,1,1,1,1,0,2,1,1,273,36,86776,18285,0,0,1,0,0,0,0,full_scan
1,14,5,2,2,1,1,0,1,0,0,1,1,5,1,65,15,37489,47800,2,1,0,1,0,0,0,projection_push
0,13,4,1,0,0,0,1,0,0,0,0,1,4,1,132,49,53709,30652,0,0,1,0,1,1,1,full_scan
1,6,4,0,2,1,1,1,1,1,1,0,2,3,2,28,45,9515,11185,0,0,0,0,1,0,1,aggregate_early
1,4,4,1,2,1,0,1,1,0,1,1,0,5,1,69,6,76315,47473,1,1,1,1,1,0,0,index_scan
0,12,1,4,2,1,1,0,0,0,0,0,3,0,1,269,27,13041,1769,0,0,1,1,0,1,0,join_reorder
0,2,2,3,0,1,1,0,1,1,0,1,3,0,2,41,27,72843,9494,1,0,0,0,1,1,1,index_scan
1,2,5,4,1,1,1,0,1,1,1,0,1,3,2,242,13,76125,32792,0,0,0,0,0,0,0,full_scan
1,11,1,3,0,0,0,1,1,0,1,0,0,3,3,271,26,9962,38399,0,0,0,0,1,1,1,predicate_push
0,12,4,2,1,0,0,0,0,0,0,1,0,3,2,291,16,59416,47032,0,0,1,0,1,1,1,aggregate_early
1,15,4,4,0,0,0,1,1,0,1,0,0,3,0,88,27,38601,3316,0,0,0,0,0,1,0,limit_push
0,6,1,2,2,1,0,0,0,1,0,1,3,2,1,238,38,2343,1801,1,0,1,0,0,1,1,projection_push
1,19,1,4,1,0,1,1,1,0,1,0,3,1,0,243,34,35179,16120,1,1,1,1,1,0,0,limit_push
1,4,2,1,1,1,0,0,1,1,1,1,2,0,0,81,50,4794,30406,2,0,0,1,1,0,1,full_scan
1,8,2,4,2,0,0,0,1,0,0,0,0,2,1,171,11,10629,32275,3,0,0,0,0,0,0,subquery_flatten
1,13,2,2,0,0,1,0,0,0,0,1,0,3,3,262,25,48891,21219,3,1,0,1,1,1,1,subquery_flatten
0,4,2,3,2,0,0,1,0,1,1,1,3,0,0,84,10,18140,49872,3,0,1,0,1,0,0,predicate_push
1,1,3,3,2,0,1,0,1,0,1,0,1,5,0,186,49,27684,48393,0,0,1,1,0,1,1,subquery_flatten
1,17,1,3,0,1,0,1,1,1,1,1,0,2,1,202,54,50560,17534,1,1,1,1,1,1,0,projection_push
1,6,3,0,0,0,1,1,0,0,1,1,1,1,3,87,49,16463,28590,0,1,0,0,0,0,1,aggregate_early
1,9,2,2,1,1,0,1,0,0,1,0,2,2,3,84,49,54168,46663,2,1,0,1,1,1,0,index_scan
0,3,5,1,2,0,1,1,0,1,0,0,0,0,1,173,21,33819,42117,0,1,1,0,0,0,0,aggregate_early
0,15,4,3,2,1,1,1,0,1,1,0,3,3,1,195,7,4881,20548,1,0,0,0,1,1,1,full_scan
1,3,1,4,1,1,0,1,1,0,0,1,1,4,1,131,42,12923,30086,2,1,1,1,0,1,1,projection_push
0,4,1,4,1,0,0,0,1,0,1,1,3,2,0,278,7,69815,6399,2,1,0,1,1,0,1,limit_push
1,11,4,2,0,1,1,1,0,1,0,0,1,3,0,165,35,38097,40824,1,0,0,1,1,1,0,subquery_flatten
0,15,3,1,1,0,0,0,1,1,1,0,0,2,2,285,19,55515,25651,0,1,0,0,1,0,0,full_scan
1,14,2,1,0,0,0,1,0,1,0,1,0,3,3,67,21,18130,4009,3,0,1,1,0,1,1,index_scan
1,10,1,3,0,1,1,1,1,1,0,1,1,4,0,193,22,61444,44408,3,0,1,0,0,0,1,limit_push
0,16,4,3,0,1,0,0,0,0,0,1,3,4,1,115,30,2469,44527,1,0,0,0,1,1,0,limit_push
1,11,1,0,1,1,1,0,0,1,0,0,3,2,0,46,56,22261,27838,1,1,1,0,1,0,0,limit_push
0,16,3,1,1,1,1,0,0,0,1,0,2,2,0,147,41,87016,24896,3,1,0,1,1,1,1,predicate_push
1,9,3,1,2,0,1,1,0,0,0,1,3,2,3,237,44,73698,28314,0,1,1,0,1,0,1,predicate_push
1,8,2,0,1,0,0,0,0,1,0,1,3,3,3,85,18,19096,6147,1,1,1,1,0,1,1,subquery_flatten
1,13,4,1,2,0,1,0,1,0,1,0,0,2,2,156,59,81674,32676,2,1,0,1,0,1,1,predicate_push
0,10,2,4,0,1,0,0,0,0,0,1,1,0,1,23,28,74003,822,1,0,0,0,1,0,0,subquery_flatten
1,17,1,4,0,0,1,1,0,1,0,1,0,0,1,154,33,42560,22896,2,1,1,1,1,1,0,subquery_flatten
0,7,2,0,0,1,0,0,1,0,0,1,3,1,3,229,43,6940,37934,1,0,1,0,1,0,1,full_scan
1,16,2,3,0,0,1,0,1,1,1,0,1,3,0,283,44,46329,26739,2,1,1,0,1,1,0,subquery_flatten
0,17,1,1,1,1,0,1,0,1,1,1,3,0,0,49,55,81296,39015,0,0,0,0,1,1,0,full_scan
1,1,4,2,0,1,0,0,0,0,1,0,1,2,3,285,13,92051,17670,1,0,0,0,1,0,1,full_scan
0,8,4,3,2,0,0,1,1,0,1,0,0,5,1,126,43,13529,48907,0,0,1,1,1,1,1,index_scan
0,14,2,0,1,0,0,1,0,0,0,1,2,1,2,228,21,89632,28718,3,1,0,1,1,0,1,limit_push
1,10,5,3,2,0,1,0,1,0,1,1,0,3,3,175,6,62920,924,0,1,0,1,1,1,0,aggregate_early
0,11,1,2,2,0,1,0,0,0,1,0,0,2,3,239,48,1314,24040,2,0,1,1,1,1,1,predicate_push
0,1,3,2,1,1,1,1,1,0,0,0,1,3,1,125,9,32277,37277,2,1,1,0,0,1,0,limit_push
1,12,2,0,1,1,1,1,0,0,0,1,0,2,2,277,5,16450,41743,3,1,1,1,1,0,0,limit_push
1,3,2,4,1,0,0,0,0,0,1,1,1,3,3,46,58,2937,8699,3,0,1,1,1,1,1,projection_push
0,6,5,1,0,1,1,1,0,0,1,0,3,4,1,80,45,44520,37810,1,1,0,1,1,0,1,full_scan
0,13,5,3,2,0,0,0,1,0,0,1,1,5,1,140,28,44511,9592,1,0,0,1,0,0,0,predicate_push
1,3,3,0,2,1,0,1,0,1,0,1,2,1,2,64,27,57901,13990,0,0,1,0,1,0,1,projection_push
0,17,2,1,2,1,1,0,0,1,0,0,0,4,0,298,37,30483,11885,2,0,1,1,0,1,0,join_reorder
0,3,2,4,0,1,1,0,0,0,1,1,0,5,1,63,31,32310,49078,1,0,0,0,0,1,1,aggregate_early
1,2,4,2,2,1,1,0,0,0,0,1,0,5,3,32,7,90173,11317,3,1,0,0,0,1,1,index_scan
0,14,3,4,2,1,1,0,1,0,0,1,3,3,2,254,5,58315,16978,0,0,0,1,1,1,0,predicate_push
0,14,4,0,1,1,1,0,1,1,1,0,0,5,3,123,17,88341,46024,1,0,0,1,0,1,0,predicate_push
1,14,5,4,1,1,1,0,1,1,0,1,3,0,1,281,20,87199,15303,3,0,0,0,1,1,1,aggregate_early
1,19,2,2,0,0,0,0,1,0,1,1,3,3,3,242,29,27992,17843,2,1,1,1,1,0,0,aggregate_early
0,7,4,4,1,1,1,0,1,1,0,1,1,3,2,276,21,68979,2156,0,0,0,0,0,0,1,subquery_flatten
0,15,2,2,2,1,0,1,1,0,1,0,2,1,0,126,38,89182,35547,2,0,0,1,1,1,0,join_reorder
0,4,1,4,0,1,1,0,0,1,1,1,0,3,0,46,12,10084,32116,0,0,1,0,1,1,1,aggregate_early
0,6,4,0,0,0,0,0,1,0,1,0,1,3,1,236,8,94076,3373,2,0,0,1,0,1,1,predicate_push
0,4,2,2,1,0,0,0,1,0,0,1,3,1,3,98,36,94125,36920,1,1,1,0,0,0,1,predicate_push
1,12,1,0,1,1,0,0,1,0,0,1,1,4,3,257,17,18340,18010,0,1,1,1,1,0,0,projection_push
1,10,5,3,0,0,0,0,1,0,0,0,1,3,2,173,57,4847,9386,1,0,0,1,0,1,1,full_scan
0,13,5,4,0,0,1,0,1,1,1,1,2,0,0,161,41,30315,16202,0,0,1,0,1,1,1,index_scan
0,6,2,3,0,0,0,1,1,0,0,1,1,5,0,123,38,72905,15074,1,0,1,1,0,1,0,projection_push
0,7,5,3,1,1,1,0,1,1,1,1,3,4,1,240,13,87679,2224,0,1,0,0,1,0,1,aggregate_early
1,6,3,1,0,1,1,1,1,1,1,1,2,0,3,185,12,56065,15708,1,1,1,1,1,0,1,predicate_push
0,18,5,4,0,1,0,0,0,1,0,0,3,3,1,130,5,24211,48130,3,1,0,0,0,1,1,subquery_flatten
1,15,2,0,0,1,0,1,0,1,0,1,0,3,0,72,8,88857,16517,3,1,1,0,0,1,1,predicate_push
0,10,4,3,2,1,1,0,0,0,0,1,2,4,1,153,14,93349,9083,1,1,1,0,0,1,0,projection_push
0,14,5,1,2,1,0,0,1,0,0,0,0,3,1,54,38,32600,35897,2,0,0,0,1,1,1,subquery_flatten
1,7,1,2,1,1,0,1,0,1,0,1,3,5,2,140,39,45197,44498,0,1,1,0,0,1,1,index_scan
1,5,5,3,1,0,1,1,0,0,0,0,1,0,1,102,48,63143,46739,0,0,1,1,0,1,1,predicate_push
1,11,3,4,0,1,1,1,1,0,1,0,3,3,3,270,20,8176,18106,3,0,0,1,1,0,0,index_scan
0,2,5,0,1,1,0,0,0,0,1,1,0,5,0,100,48,26020,6929,1,0,1,0,0,1,1,aggregate_early
0,7,4,2,0,1,0,1,0,0,0,0,3,3,1,128,52,11673,21509,2,0,0,0,1,1,0,aggregate_early
1,8,3,4,0,1,1,1,0,1,1,0,2,2,0,184,58,72297,43121,3,1,0,0,0,1,1,predicate_push
0,3,1,1,1,1,0,1,0,1,0,0,1,5,1,100,22,63863,8150,1,0,1,1,0,1,1,join_reorder
1,9,3,3,0,0,1,0,0,0,0,1,0,1,3,42,38,42411,4080,2,0,1,1,1,1,0,join_reorder
0,9,3,2,1,0,1,0,0,0,1,0,2,2,0,97,6,9098,36180,1,1,1,0,1,0,1,join_reorder
0,2,1,2,2,0,0,1,1,1,1,1,1,0,3,90,22,22563,9499,0,0,1,0,1,1,1,index_scan
1,14,2,4,1,1,0,0,1,0,0,1,1,3,1,46,29,83351,23335,0,1,0,0,0,1,1,join_reorder
1,8,4,4,1,1,0,0,0,0,0,1,0,1,3,102,52,40825,45534,3,0,0,1,0,0,1,full_scan
1,2,3,0,0,0,1,1,0,0,0,0,1,1,2,123,42,10323,48266,1,1,0,0,1,1,0,join_reorder
0,19,4,0,0,0,1,0,1,0,1,1,3,3,3,62,56,82616,10966,1,0,0,0,1,1,0,projection_push
1,5,4,0,2,1,0,0,1,0,0,1,2,0,1,91,11,59301,14657,0,1,0,0,1,0,0,join_reorder
0,18,2,2,0,1,0,0,1,1,0,0,1,0,0,270,54,57424,36772,3,1,1,0,0,1,0,subquery_flatten
0,3,4,4,2,0,1,1,0,0,0,0,3,1,0,126,40,70390,44393,0,0,0,1,1,0,0,aggregate_early
0,2,2,4,0,1,0,1,1,1,1,0,1,5,1,257,15,74586,9038,0,1,0,0,1,0,0,index_scan
0,6,4,2,2,0,0,1,1,1,1,1,3,2,1,152,45,86782,17535,1,0,1,0,1,0,0,limit_push
1,16,2,1,2,0,0,1,1,0,0,0,0,4,1,42,56,58113,29489,1,0,0,0,1,0,0,subquery_flatten
1,2,5,2,2,1,0,1,1,1,1,0,2,2,3,269,6,94624,32433,0,1,0,1,0,0,0,projection_push
1,12,2,0,0,0,1,0,0,1,1,0,3,1,3,127,57,22660,2713,0,0,1,1,1,0,1,projection_push
1,7,2,1,0,1,0,0,1,0,1,1,3,1,0,130,48,90066,41852,1,1,1,1,1,0,1,limit_push
1,9,1,1,0,1,1,1,1,1,1,1,2,1,3,87,5,89242,27703,2,1,1,0,1,0,0,aggregate_early
1,8,4,2,2,0,1,0,0,1,1,1,0,3,1,119,42,11763,38623,0,1,0,0,1,0,0,subquery_flatten
1,3,3,2,1,1,0,1,1,0,1,1,0,2,3,29,52,23865,35660,2,0,0,0,1,1,0,aggregate_early
0,12,5,0,0,1,0,1,1,1,1,1,2,0,0,299,44,65787,19547,3,1,0,1,1,0,1,predicate_push
0,17,2,2,2,1,0,1,1,0,1,1,2,0,2,39,17,56016,17700,3,1,1,1,1,0,1,join_reorder
1,15,4,2,1,0,0,1,0,1,1,1,0,0,1,57,33,4695,30494,2,0,1,1,0,1,1,predicate_push
0,16,1,2,0,1,1,1,1,1,0,0,1,2,3,208,20,42313,42142,3,1,1,1,1,1,0,subquery_flatten
0,14,1,0,1,1,1,0,0,0,0,0,1,5,1,121,45,3152,27372,2,0,0,1,0,0,1,subquery_flatten
1,3,1,2,1,1,1,1,0,1,1,0,2,5,2,100,58,2303,25470,3,1,0,0,0,0,0,aggregate_early
0,11,5,0,2,1,1,1,1,1,1,0,1,1,1,70,56,72148,10696,2,1,0,0,1,1,1,aggregate_early
1,8,3,0,2,1,0,0,0,0,1,0,3,4,0,74,57,80691,18715,2,0,0,1,0,0,0,index_scan
0,7,1,0,0,1,0,1,1,1,0,1,3,5,2,57,8,87342,24760,3,1,1,0,0,1,1,predicate_push
0,6,5,3,1,1,0,1,1,0,1,1,3,4,0,165,59,27144,5385,3,0,1,1,0,1,0,index_scan
1,3,5,0,1,0,0,0,0,1,1,0,1,2,2,46,50,64389,17284,3,0,1,1,1,1,0,subquery_flatten
1,6,5,0,0,1,0,0,0,0,1,1,3,1,1,161,42,25285,10475,3,0,1,1,0,1,1,limit_push
1,16,4,0,2,1,0,1,0,1,0,0,1,3,0,57,39,10719,40018,2,1,1,1,0,0,0,projection_push
0,9,5,2,1,1,1,1,1,1,1,1,3,4,1,212,17,38962,3781,2,0,0,1,1,0,1,full_scan
0,15,3,2,0,0,0,0,1,1,0,1,3,3,3,37,29,71174,21799,1,0,1,1,1,1,1,subquery_flatten
0,17,4,1,1,0,1,0,0,1,0,1,3,3,3,268,45,17177,38274,0,1,0,0,0,1,0,index_scan
1,16,2,3,1,1,1,0,1,0,0,1,2,4,2,186,14,21330,18780,2,1,0,0,1,1,1,subquery_flatten
1,14,2,1,1,0,0,1,1,1,0,0,0,1,3,137,13,90809,6186,3,0,0,1,0,0,1,subquery_flatten
0,8,4,2,2,1,1,0,1,0,1,0,0,2,0,260,21,36819,47545,1,1,1,0,0,1,1,full_scan
1,10,2,1,2,1,1,0,0,0,1,1,3,3,2,236,8,49725,27925,2,0,0,0,1,1,1,aggregate_early
0,7,2,2,0,1,1,1,0,0,0,0,1,1,1,75,18,81265,32049,0,1,1,0,0,1,1,limit_push
1,1,2,4,1,1,0,1,1,0,1,0,3,0,2,90,13,91379,40424,1,1,0,0,1,0,0,predicate_push
0,11,4,2,0,0,0,1,0,1,0,1,3,4,3,217,48,40479,45514,3,0,0,0,1,1,1,full_scan
1,10,4,4,0,0,1,1,0,0,1,0,0,4,0,232,57,74955,16675,0,0,0,1,0,0,0,aggregate_early
0,6,2,1,2,1,0,1,1,0,0,0,3,2,1,195,10,85280,4467,3,0,1,1,1,0,1,full_scan
0,3,1,2,2,0,1,1,1,1,0,1,2,4,1,176,13,34464,41635,0,1,0,0,0,1,0,projection_push
1,7,4,4,0,1,1,0,1,1,1,0,1,1,2,31,55,79283,38409,2,1,1,0,0,1,0,predicate_push
0,5,3,2,2,0,0,1,1,1,1,1,3,1,2,39,13,53939,23805,1,0,1,0,0,0,0,limit_push
0,19,5,2,0,0,1,1,1,1,0,0,2,5,1,232,19,17323,36869,3,0,1,1,0,0,0,limit_push
1,16,2,1,1,0,1,0,1,0,0,1,0,2,3,280,33,22318,35688,0,1,1,1,0,0,1,limit_push
1,17,4,0,0,1,1,0,0,1,0,1,0,5,3,99,54,67741,42613,3,0,0,0,1,1,1,aggregate_early
0,3,3,4,2,1,1,1,0,0,1,0,2,3,1,167,28,6214,33039,2,0,1,1,0,1,0,limit_push
1,13,2,2,1,1,1,1,0,0,0,1,3,1,2,90,23,40763,18610,0,1,0,1,1,1,1,join_reorder
0,9,4,4,0,0,0,0,0,0,1,1,3,0,2,134,48,3407,17845,1,0,1,1,1,1,0,full_scan
1,18,4,4,0,1,0,0,1,0,1,0,2,3,0,74,7,25827,22659,0,0,1,0,1,1,1,projection_push
1,13,2,4,1,0,0,0,1,0,0,1,2,2,1,141,19,38318,18050,3,1,1,1,0,1,1,index_scan
0,19,4,0,2,0,1,1,1,1,1,1,1,4,2,295,6,46766,26273,1,1,1,1,1,1,1,subquery_flatten
1,10,1,2,2,0,1,1,1,1,1,1,1,2,3,156,25,21411,37807,0,1,1,0,1,1,1,subquery_flatten
0,5,5,2,2,1,0,0,1,0,0,0,3,2,2,184,23,4190,45366,0,1,0,1,0,0,0,subquery_flatten
0,15,2,2,2,0,1,0,1,0,0,1,1,4,1,197,19,32621,44792,2,1,1,0,1,1,1,aggregate_early
0,18,4,3,0,1,0,0,0,1,1,0,2,0,0,217,11,43254,7951,2,0,0,0,0,1,1,join_reorder
1,13,4,3,2,1,0,1,1,1,0,0,3,0,1,60,48,6920,8612,1,0,1,1,0,1,0,aggregate_early
1,1,5,1,2,1,1,1,1,0,0,1,0,1,3,164,35,51882,6708,3,1,0,1,0,0,0,projection_push
1,6,2,2,0,1,0,1,1,0,1,1,1,5,2,284,11,26369,38832,2,0,1,0,0,0,1,full_scan
0,13,4,4,2,1,0,1,0,1,0,0,2,0,3,272,18,17297,21234,2,0,0,1,1,1,1,aggregate_early
1,19,4,3,1,0,0,0,1,0,0,0,2,2,2,159,48,78960,21243,3,0,1,1,1,0,0,full_scan
1,15,4,2,0,1,0,0,0,1,0,1,0,0,3,205,18,85433,40325,3,0,0,1,1,1,1,subquery_flatten
1,2,2,1,1,0,1,1,0,1,0,1,3,5,0,74,36,59796,21708,3,0,1,0,0,0,0,full_scan
1,11,4,1,2,1,1,0,0,0,0,0,1,4,3,183,52,48058,13521,3,0,1,1,1,1,1,limit_push
0,17,5,2,2,1,1,0,0,1,0,0,3,1,1,253,46,35159,1632,2,0,1,1,0,0,0,limit_push
0,9,4,4,2,1,1,1,1,1,0,0,3,5,1,105,59,63276,14429,1,1,0,1,1,0,1,index_scan
1,6,4,4,2,0,1,1,0,1,1,1,0,4,1,20,26,49681,28802,1,0,1,0,0,0,1,full_scan
1,12,4,1,1,0,0,1,0,0,0,0,0,4,1,242,7,65396,13600,1,1,1,0,1,1,1,subquery_flatten
1,13,3,4,2,0,1,1,0,0,0,0,0,2,0,214,55,99154,25544,2,1,0,1,1,1,0,limit_push
0,5,1,3,2,1,0,0,0,1,0,0,0,2,1,65,10,34569,8596,2,0,0,0,0,1,0,subquery_flatten
0,1,1,2,0,1,0,1,0,1,0,0,3,2,2,55,59,48271,21758,0,1,0,1,1,1,0,subquery_flatten
0,16,4,2,0,0,0,0,0,1,0,0,1,1,1,133,55,55697,7543,3,1,0,1,1,1,1,subquery_flatten
1,18,2,3,1,0,1,0,0,1,1,0,2,1,2,224,45,81132,3028,2,0,1,0,1,1,1,full_scan
1,2,2,2,1,1,0,1,0,1,1,0,1,4,2,27,35,66504,37246,3,0,1,0,0,1,0,subquery_flatten
0,17,2,0,1,0,0,1,0,0,0,1,1,2,2,78,7,36468,44209,1,1,1,0,0,1,1,aggregate_early
1,1,1,3,1,1,1,1,0,1,0,0,2,1,1,35,16,9390,311,2,0,0,0,1,1,0,aggregate_early
0,5,1,1,0,1,1,0,0,0,1,1,3,2,2,122,51,75307,44445,2,1,1,1,0,0,1,predicate_push
0,3,1,0,0,0,1,1,1,1,1,1,1,4,1,239,16,10807,22676,1,1,0,0,1,1,1,join_reorder
1,2,3,0,1,1,1,0,1,0,0,1,0,3,0,273,35,36226,14946,1,0,0,1,1,0,0,aggregate_early
1,15,2,2,2,1,0,0,1,0,0,1,3,1,0,217,31,40178,38685,0,0,1,0,0,0,1,projection_push
1,4,1,0,0,0,1,0,0,0,0,0,1,3,0,278,19,98488,34692,1,0,1,1,1,0,0,full_scan
0,4,3,3,0,0,1,1,1,1,0,0,0,1,0,236,5,9561,21027,2,0,1,1,1,1,0,full_scan
0,19,5,1,2,0,0,1,1,1,0,0,2,0,3,98,33,35349,34688,1,1,0,0,0,0,1,full_scan
1,4,4,3,1,1,1,0,0,0,1,0,3,0,3,156,32,59586,116,0,0,0,0,1,1,1,full_scan
0,3,4,4,0,0,1,0,1,1,1,0,0,3,1,32,21,88178,42833,0,0,1,0,1,0,1,join_reorder
0,10,5,3,0,1,0,0,0,0,1,0,3,2,1,252,16,95873,46048,2,0,1,1,1,1,0,index_scan
0,11,4,3,2,1,0,1,1,1,1,1,1,0,1,270,43,63866,29454,2,1,1,1,0,0,0,join_reorder
1,3,4,4,2,0,0,1,1,0,0,1,3,1,1,212,22,34269,16929,3,0,1,1,0,1,0,index_scan
1,10,4,4,1,0,1,0,1,1,1,1,1,3,3,235,59,9596,23431,2,1,1,0,1,0,1,projection_push
0,16,5,2,1,1,0,0,1,0,0,0,0,3,1,131,59,81388,37490,0,1,0,0,1,1,1,subquery_flatten
0,9,3,4,1,0,1,1,1,0,0,1,2,0,3,290,51,51384,10001,1,0,0,0,1,0,0,join_reorder
0,3,2,0,0,1,1,1,1,1,0,1,1,5,1,186,35,40530,3223,1,0,0,1,0,1,1,aggregate_early
0,13,1,4,2,1,1,0,1,0,1,0,0,0,2,181,31,53616,23294,0,0,0,1,0,0,1,aggregate_early
0,6,4,1,0,1,0,1,0,1,1,0,3,5,1,106,44,34052,27426,0,1,1,0,1,0,1,aggregate_early
1,18,1,3,1,1,1,1,0,1,0,1,0,5,0,64,21,20611,10219,1,1,1,0,0,1,1,projection_push
0,7,2,3,0,1,1,0,0,1,0,1,0,1,0,69,33,10932,5485,2,0,0,0,1,1,0,aggregate_early
1,9,5,3,1,1,0,1,1,0,0,0,0,5,0,224,45,29502,4452,0,0,1,1,1,1,1,subquery_flatten
0,17,3,1,0,0,1,1,1,0,0,1,3,4,0,191,29,20972,13514,1,1,1,0,0,1,0,join_reorder
1,9,5,2,2,0,0,1,0,1,0,0,2,5,1,274,27,38386,29633,1,0,1,1,1,1,0,index_scan
1,2,4,2,0,1,1,1,1,0,0,0,0,0,2,136,33,32648,18471,3,1,1,0,1,0,1,projection_push
1,18,5,4,0,0,0,0,1,0,1,0,1,3,2,200,25,33336,38773,0,0,1,0,1,1,0,index_scan
1,13,3,3,2,0,0,1,0,1,0,1,0,4,1,34,54,68682,44618,3,0,1,1,0,1,1,aggregate_early
0,1,1,0,1,1,0,0,1,1,0,1,0,5,2,256,47,17558,21931,2,0,1,0,0,1,1,predicate_push
0,17,3,4,2,1,1,1,1,0,1,0,1,5,0,195,57,72189,23353,3,0,1,0,0,0,1,full_scan
1,12,1,4,0,1,1,1,1,1,1,0,0,0,0,33,23,8362,11166,2,0,1,1,0,0,1,projection_push
1,4,1,0,1,1,0,1,1,0,1,1,2,4,2,89,27,28490,27025,2,1,1,1,1,0,1,aggregate_early
1,16,4,4,1,0,1,1,0,0,0,0,0,1,3,257,43,31353,24330,2,1,1,1,1,1,1,limit_push
1,7,2,4,0,1,1,0,0,1,1,1,3,0,1,140,52,63883,28758,3,0,0,1,1,0,0,full_scan
0,16,5,1,2,1,0,1,1,1,1,0,1,5,3,108,5,91105,16003,0,0,1,1,1,0,1,full_scan
0,2,5,1,2,0,0,1,1,1,0,0,3,2,0,147,21,64069,28468,3,1,0,1,1,0,1,subquery_flatten
1,9,1,0,0,1,1,1,0,0,1,0,2,0,2,156,21,85240,27935,0,0,1,1,0,1,0,projection_push
0,11,2,4,0,0,1,1,0,0,0,0,3,3,1,177,50,55599,19520,0,0,1,0,1,1,1,projection_push
1,5,4,1,1,0,1,0,0,0,1,1,1,5,0,68,18,88043,2458,3,1,0,0,0,1,1,full_scan
0,13,3,4,1,1,0,0,1,1,1,1,3,2,0,144,57,92311,8183,2,0,1,0,0,1,1,full_scan
0,18,5,2,1,0,0,1,0,1,1,0,1,3,0,85,16,35262,22952,0,0,0,0,1,0,1,aggregate_early
1,12,4,0,0,1,0,0,1,1,0,0,0,3,2,164,48,8489,17452,0,1,0,0,0,1,0,subquery_flatten
1,8,5,4,2,1,0,0,0,0,1,1,2,4,2,144,19,91171,14960,1,1,0,1,1,1,1,subquery_flatten
1,7,3,4,0,0,1,0,1,0,0,0,1,1,3,88,35,1110,47792,2,0,1,1,0,1,1,full_scan
0,1,3,0,2,0,0,1,1,1,1,1,2,1,3,146,57,3151,38190,1,0,1,1,1,1,0,predicate_push
1,3,2,0,1,1,0,1,0,0,0,1,3,2,3,31,7,2689,37178,1,0,1,1,0,0,1,predicate_push
0,14,3,2,0,1,0,0,1,0,0,0,3,1,2,209,14,64535,31633,2,1,0,1,0,1,1,predicate_push
1,5,3,1,2,0,0,0,0,1,0,1,2,1,3,134,43,66886,4858,3,1,1,1,1,1,0,aggregate_early
1,10,1,0,2,1,1,1,1,0,0,1,2,0,0,136,14,92824,48017,0,0,1,1,0,0,1,subquery_flatten
0,18,5,2,0,0,0,1,0,1,1,0,3,4,1,207,22,84324,753,3,1,0,0,1,1,1,limit_push
0,19,5,1,0,1,1,1,0,1,0,1,2,5,0,197,49,95661,1707,2,1,1,1,0,1,1,predicate_push
1,1,3,1,2,1,1,0,0,0,0,1,3,5,1,41,8,49436,17005,1,1,0,0,1,0,0,limit_push
1,10,5,0,1,0,0,0,1,1,1,1,1,4,0,150,9,23389,33187,0,1,0,0,1,1,0,full_scan
0,7,3,0,2,1,0,0,1,1,1,1,1,1,0,150,18,22543,39825,0,1,0,1,1,1,0,join_reorder
0,6,2,0,1,0,0,1,0,1,0,0,2,0,3,104,26,2774,48664,1,0,0,0,0,0,0,subquery_flatten
0,9,5,0,1,1,0,1,0,0,1,1,1,4,2,147,49,15677,24398,3,1,0,0,0,0,1,aggregate_early
1,17,5,0,1,0,1,0,1,0,0,0,1,1,2,262,13,57453,49233,1,1,0,1,0,1,0,limit_push
1,15,1,1,0,1,1,0,0,0,1,1,3,0,3,228,29,59020,21487,0,0,0,1,0,1,0,aggregate_early
0,4,5,0,1,1,1,1,0,1,1,1,3,0,0,23,33,7067,6761,0,0,0,0,0,1,0,index_scan
0,1,1,4,0,1,1,0,1,1,1,1,1,3,2,236,16,32052,5720,2,1,0,0,1,1,0,join_reorder
0,1,2,1,2,1,0,1,1,1,1,1,0,4,2,263,47,14171,20081,0,0,1,0,0,1,0,full_scan
0,2,3,3,1,1,0,1,1,1,1,1,0,5,1,129,39,91726,20781,1,0,0,1,1,1,0,full_scan
1,15,1,2,1,0,0,1,1,0,1,0,3,5,2,103,45,79811,10151,0,0,1,1,1,1,0,limit_push
1,5,5,2,2,0,1,0,0,0,1,0,3,4,1,297,12,51130,2371,3,1,1,1,0,1,0,projection_push
1,1,4,1,1,1,0,0,0,1,0,0,3,1,2,38,35,58288,10972,3,0,0,0,0,0,0,predicate_push
1,1,3,3,0,0,1,0,1,0,0,0,2,5,0,61,38,48938,8834,3,1,0,1,1,1,0,full_scan
1,11,1,3,2,0,1,1,0,1,1,0,0,0,0,238,25,90984,10208,2,0,1,0,1,1,0,subquery_flatten
1,3,1,4,2,0,1,1,0,1,0,1,1,0,3,148,5,49791,6599,3,1,1,0,1,0,0,index_scan
0,10,4,0,2,1,0,1,0,1,0,0,2,5,1,67,21,54918,31962,0,0,1,1,1,0,1,predicate_push
0,10,5,2,2,0,0,1,1,0,0,1,3,5,2,101,53,87958,10323,2,1,1,0,0,1,0,aggregate_early
0,13,5,0,0,1,0,1,0,1,0,1,0,1,1,286,28,43195,31274,1,0,1,0,1,0,0,join_reorder
1,15,4,1,1,1,0,1,1,1,1,0,0,0,2,35,45,62525,16228,2,1,0,0,1,1,1,projection_push
1,15,4,4,1,1,0,1,1,1,0,0,1,1,1,150,33,32850,42686,0,0,1,0,1,0,1,subquery_flatten
1,1,3,3,2,0,1,0,0,0,0,1,0,2,1,151,5,31116,3294,2,1,1,1,0,0,1,subquery_flatten
1,18,2,3,2,1,1,0,1,0,1,0,0,4,1,262,24,29573,837,1,1,0,1,1,0,1,index_scan
0,14,4,3,2,0,1,0,1,1,0,0,1,5,3,185,49,60385,18966,1,1,0,1,0,0,0,aggregate_early
0,7,3,4,1,0,0,0,1,0,1,0,2,5,2,270,9,88775,45122,0,1,1,0,0,1,0,subquery_flatten
1,9,4,4,0,0,1,0,1,1,0,1,0,4,0,192,19,68919,4791,0,0,0,0,1,1,1,full_scan
1,5,5,4,0,0,0,1,0,1,0,1,3,0,0,134,24,34941,44813,2,0,0,0,0,0,1,predicate_push
1,6,5,4,0,0,0,1,1,1,1,1,1,4,0,162,42,5937,15132,2,0,1,1,1,0,1,subquery_flatten
0,9,3,4,0,0,1,0,1,0,0,0,3,0,2,243,56,23833,22870,3,0,1,1,1,0,1,aggregate_early
0,8,3,1,2,0,0,1,1,1,1,0,2,5,3,99,59,94683,22660,3,0,1,0,1,1,1,join_reorder
1,9,3,0,0,0,1,1,1,1,0,0,2,5,3,105,29,28255,18388,0,1,1,0,1,0,0,full_scan
0,12,2,0,2,1,1,1,1,0,0,1,0,4,0,249,23,29867,46157,2,1,0,1,1,0,1,aggregate_early
1,10,1,4,2,0,0,0,1,1,1,1,3,4,1,132,17,83320,5115,1,1,0,1,1,1,1,full_scan
1,1,4,1,2,1,0,0,0,0,1,0,3,1,2,186,12,7904,45891,2,0,1,1,1,0,0,index_scan
0,10,1,4,1,1,0,1,0,0,1,1,1,3,2,217,50,75179,9560,1,1,0,0,1,0,0,subquery_flatten
0,6,1,3,1,1,0,1,0,1,0,1,3,2,1,239,46,45919,16732,0,1,1,0,0,1,0,join_reorder
1,19,3,0,2,1,1,0,1,1,1,0,1,2,1,22,44,43678,42897,3,1,0,1,0,1,0,subquery_flatten
0,10,1,2,2,0,0,1,0,1,1,1,0,4,0,88,8,85583,45516,0,0,0,0,0,1,1,index_scan
1,10,2,2,2,0,1,0,1,0,0,1,3,2,1,34,25,82950,27432,2,0,1,0,1,1,0,index_scan
1,17,1,1,1,1,1,1,0,1,1,0,2,0,2,199,39,51624,44008,3,0,0,1,1,1,0,full_scan
1,8,1,4,2,0,0,0,0,1,1,1,3,2,3,71,5,97012,11077,2,0,0,0,0,0,1,limit_push
1,11,5,1,1,1,1,0,1,0,0,0,3,1,1,295,27,29479,37880,0,0,0,0,0,0,1,predicate_push
0,18,4,1,1,0,0,1,0,1,0,0,0,4,2,148,17,11022,48254,2,1,0,1,0,0,1,index_scan
0,14,5,1,1,0,0,1,0,1,0,1,2,5,0,123,49,78037,42036,0,0,0,1,0,0,1,subquery_flatten
1,17,3,1,1,1,0,1,0,1,1,1,0,3,1,205,26,16789,16023,1,1,0,1,0,1,0,predicate_push
1,13,4,3,2,1,0,1,1,0,0,0,3,5,1,68,19,95798,39596,3,0,0,1,1,0,0,index_scan
0,18,4,0,2,0,0,1,0,0,0,0,1,5,2,218,47,99905,9150,0,0,1,1,0,1,0,aggregate_early
1,19,3,3,0,0,0,0,0,0,0,0,1,2,0,116,37,30141,10815,3,0,0,0,0,1,1,index_scan
0,2,2,3,1,1,0,0,1,0,1,0,1,1,0,107,23,9908,49236,1,1,0,1,1,1,1,predicate_push
1,18,1,3,2,0,1,1,0,0,0,0,1,1,3,156,48,87946,39400,0,1,1,0,1,1,1,limit_push
1,16,4,0,1,1,1,0,1,1,0,0,3,2,2,57,10,94194,44946,0,1,0,1,0,1,1,subquery_flatten
1,14,3,3,2,0,1,1,0,0,1,1,2,3,1,75,9,21017,29197,3,0,1,1,0,0,1,index_scan
0,6,4,3,0,0,0,1,1,0,0,1,2,4,3,89,42,15939,2255,3,0,0,0,1,0,1,index_scan
1,6,1,4,0,1,1,1,1,0,0,1,2,2,1,130,53,21860,3020,1,0,1,1,1,0,0,full_scan
1,1,5,0,2,0,1,0,1,0,1,0,1,2,3,290,42,24058,24343,1,0,0,0,1,1,0,projection_push
1,14,3,0,0,1,0,1,1,1,1,0,1,0,2,227,54,85207,29175,1,1,1,1,1,1,1,predicate_push
0,10,1,4,2,1,1,0,1,0,0,0,1,2,2,105,24,43299,11656,1,0,1,1,0,0,1,join_reorder
1,11,3,3,1,1,1,1,0,0,0,1,0,0,3,250,53,13548,15298,2,0,0,1,0,1,1,full_scan
0,1,4,2,0,1,1,1,1,0,1,0,0,0,1,189,50,88736,6754,3,0,0,1,1,1,0,join_reorder
1,15,4,2,0,0,1,1,1,0,0,1,3,0,1,165,19,91369,12558,2,1,1,0,0,0,1,index_scan
0,18,4,4,2,0,1,1,1,0,1,1,3,3,1,166,30,53695,17761,2,1,1,0,0,1,0,projection_push
0,6,1,3,1,1,1,0,0,1,0,0,0,1,0,187,52,82555,47104,2,0,1,1,1,1,1,aggregate_early
0,17,5,1,0,0,1,0,0,0,0,0,0,0,1,150,50,71035,17939,1,0,1,0,1,1,1,full_scan
0,3,2,2,1,0,0,0,0,1,0,1,1,1,3,298,16,45176,3425,3,1,1,1,1,1,0,subquery_flatten
0,4,5,2,2,0,1,0,0,0,1,0,3,5,2,98,56,73285,49763,1,0,1,0,1,0,1,subquery_flatten
0,4,4,4,0,0,1,1,1,1,0,1,1,5,3,34,8,49692,21715,1,1,1,0,0,1,0,aggregate_early
1,13,2,1,2,1,1,1,0,1,1,0,2,4,2,171,33,67481,23784,2,0,0,0,0,1,1,limit_push
1,9,1,1,0,0,0,0,1,1,0,0,3,5,1,254,15,89993,27171,2,1,0,1,0,0,1,join_reorder
0,2,1,2,2,0,0,0,0,0,1,1,2,0,2,237,51,5271,9689,1,0,0,1,0,1,1,predicate_push
0,9,1,3,1,1,1,1,0,1,0,0,1,1,2,291,32,28856,49389,1,1,0,1,1,0,0,join_reorder
1,3,2,3,1,0,1,1,0,1,1,1,1,0,2,189,38,3339,3515,0,0,0,1,1,1,0,index_scan
0,19,1,1,0,0,0,1,0,1,1,0,1,2,2,234,36,19278,27090,1,1,1,1,0,1,0,limit_push
1,9,3,2,1,0,1,0,1,0,0,0,2,4,1,159,50,40385,1119,1,1,1,0,0,1,0,projection_push
0,11,2,1,0,1,0,1,0,0,0,0,1,3,0,167,18,87504,42097,3,1,0,1,0,0,0,limit_push
1,18,3,2,2,1,1,1,0,0,1,0,2,1,0,29,29,34203,5513,1,0,0,1,0,1,1,join_reorder
1,2,5,2,1,1,0,0,1,1,0,1,0,3,0,139,55,68581,9452,2,0,0,1,1,1,0,projection_push
0,11,1,1,0,1,1,1,0,1,0,0,0,2,1,98,49,21067,22004,0,0,0,1,0,1,1,aggregate_early
0,10,5,1,2,0,1,1,0,0,1,1,1,2,0,38,38,59331,21652,3,1,1,1,1,1,0,predicate_push
0,17,1,3,0,0,1,1,0,1,1,0,1,4,0,47,54,37543,1763,0,1,0,1,1,1,1,full_scan
0,4,2,0,1,0,1,1,0,0,0,0,1,5,0,83,38,43125,16547,1,1,1,0,1,0,0,aggregate_early
1,16,2,2,0,1,1,0,0,0,1,1,0,3,0,95,23,58285,14485,3,0,0,1,1,0,0,subquery_flatten
1,4,4,0,1,1,0,1,0,0,0,1,3,2,0,257,40,21032,4292,0,0,1,0,1,0,0,predicate_push
0,5,2,0,2,0,0,0,1,0,1,0,3,2,2,285,17,78159,37181,2,1,0,1,1,1,0,subquery_flatten
0,8,5,4,1,1,0,0,0,1,1,1,1,5,0,192,39,76597,17805,0,0,0,1,1,1,1,full_scan
0,18,2,1,0,1,1,0,1,1,0,0,3,4,2,37,43,7849,24282,2,1,1,1,0,1,1,predicate_push
0,5,3,4,2,1,0,1,1,1,1,1,0,1,3,193,15,23042,44639,0,0,1,1,0,0,0,index_scan
1,4,2,1,2,1,1,0,1,0,1,1,1,2,3,191,34,42338,4258,1,0,1,1,0,0,0,limit_push
0,18,1,4,2,0,1,0,0,1,1,1,3,4,2,147,7,17701,26907,2,0,1,0,1,1,1,limit_push
0,2,2,2,1,0,1,1,1,1,0,0,0,3,0,241,29,75586,49150,1,1,0,0,1,1,1,join_reorder
0,16,3,1,1,1,1,0,0,0,1,0,1,3,2,83,23,7585,44668,3,0,1,0,1,0,0,limit_push
0,17,2,2,2,0,1,0,1,1,0,1,1,1,2,276,34,49102,23831,0,1,0,0,0,1,0,projection_push
1,5,1,3,1,0,0,1,0,0,0,0,3,3,0,175,32,87853,10807,0,0,1,1,0,1,1,predicate_push
0,7,1,1,2,1,1,1,1,0,1,1,3,2,2,70,15,76575,8926,3,0,1,0,1,1,1,full_scan
1,15,2,3,1,1,1,1,0,1,1,0,0,2,2,42,42,55567,35233,3,1,0,0,0,0,1,limit_push
1,11,3,3,0,0,1,0,0,1,0,1,3,0,1,102,37,23794,21840,2,0,0,1,1,0,0,predicate_push
1,13,3,2,1,0,1,1,0,1,0,1,3,0,0,71,58,26122,43230,1,1,1,1,1,0,0,full_scan
1,8,4,0,2,1,0,0,1,0,1,1,3,4,2,35,14,68558,5949,0,0,0,0,0,0,1,full_scan
0,11,4,1,1,1,1,1,0,1,0,1,3,3,3,115,41,61997,13587,0,1,1,1,0,1,0,projection_push
1,11,1,4,1,1,1,1,0,1,1,1,2,0,0,27,57,34289,13610,2,0,0,1,0,1,1,limit_push
1,13,1,2,1,1,0,0,1,1,0,0,1,4,0,69,27,32221,48603,3,0,1,0,1,1,0,index_scan
0,17,2,1,2,0,1,1,0,0,0,0,2,3,2,216,32,97604,40489,2,1,0,1,0,0,0,limit_push
0,15,3,3,1,0,0,0,0,1,1,1,2,2,3,165,31,60469,34243,1,0,1,0,1,0,1,join_reorder
1,14,5,0,0,0,1,0,1,0,0,1,1,4,1,215,15,86162,28417,3,1,0,1,0,0,0,aggregate_early
0,1,2,3,0,1,1,1,0,1,1,1,1,2,1,276,47,22869,1677,2,1,1,1,0,0,1,projection_push
0,15,5,0,2,0,0,1,0,0,1,1,1,4,3,154,49,6768,15444,3,1,1,0,1,0,0,predicate_push
1,13,1,3,2,0,1,0,0,1,1,1,1,1,1,122,37,74810,11452,0,0,0,0,0,0,1,subquery_flatten
1,2,4,4,1,1,1,1,1,1,1,1,2,4,0,274,19,60783,47329,0,1,0,1,0,0,1,predicate_push
1,10,4,2,1,1,0,1,0,1,0,1,1,3,3,157,55,41296,23669,2,1,1,1,0,1,0,full_scan
1,15,2,3,2,1,0,1,1,0,1,1,2,0,2,188,21,64657,7316,0,1,0,1,0,0,1,predicate_push
1,3,4,3,2,0,0,1,1,0,0,0,3,4,1,131,52,83478,8146,2,0,0,0,1,0,0,subquery_flatten
0,9,1,3,0,1,0,1,1,1,0,0,2,4,2,240,14,29915,7902,2,1,0,0,0,1,1,predicate_push
1,13,5,0,1,1,0,0,0,0,1,0,2,1,2,147,44,58681,18502,3,0,1,1,1,0,0,full_scan
0,10,4,0,1,0,1,1,1,1,1,0,0,5,2,44,20,77319,5939,0,0,0,0,1,1,1,projection_push
0,9,4,4,2,1,0,1,0,0,1,1,3,2,1,172,23,88587,49316,1,0,1,0,0,1,1,index_scan
0,9,5,3,0,1,0,0,0,1,0,1,1,2,1,132,19,38869,39520,1,1,1,0,1,0,0,join_reorder
1,6,2,0,2,1,1,0,0,1,0,1,2,0,3,163,22,88752,26270,0,0,1,0,0,0,1,aggregate_early
1,14,5,1,2,1,0,1,0,0,0,0,3,0,0,146,33,65323,45572,1,0,0,0,0,0,0,projection_push
1,11,1,3,0,1,1,1,1,1,0,1,3,2,1,110,9,98984,32309,3,0,0,1,1,0,1,projection_push
0,19,2,1,1,0,0,0,0,1,0,0,1,2,3,232,52,33579,40578,1,0,0,0,0,0,0,full_scan
1,1,5,4,2,0,1,1,0,0,1,0,2,2,3,87,9,94037,10349,3,1,1,1,1,0,0,predicate_push
1,8,2,0,1,0,1,0,0,0,0,1,2,1,0,130,46,28388,9056,1,0,1,0,0,0,1,predicate_push
0,2,5,4,0,0,0,1,1,1,0,1,2,5,0,49,7,6207,25860,1,0,0,0,0,1,1,projection_push
0,16,1,0,0,0,1,1,1,0,0,0,1,4,1,172,58,42462,32940,1,0,0,1,0,1,1,index_scan
0,5,1,4,0,0,0,0,0,1,0,1,2,4,1,36,54,56042,33685,3,0,0,1,0,1,0,predicate_push
1,11,1,0,1,1,1,0,1,0,1,0,0,1,0,130,56,75500,46534,3,0,1,1,1,1,0,full_scan
1,15,3,1,1,1,1,1,0,0,1,0,0,5,0,111,28,34356,28874,3,1,1,1,0,0,1,aggregate_early
1,8,1,0,1,1,0,1,1,1,1,1,1,2,3,280,54,36598,28920,3,0,1,0,1,1,1,limit_push
0,19,5,1,0,0,0,1,1,0,0,0,3,2,0,119,27,77323,3901,0,0,0,0,0,1,1,index_scan
1,17,1,1,1,0,1,1,1,1,1,1,1,3,2,153,8,82997,18301,0,0,0,0,1,1,1,predicate_push
0,15,2,0,2,0,0,0,1,1,0,0,3,1,2,92,23,79218,20054,1,1,0,0,0,0,1,full_scan
0,2,3,0,1,0,1,0,0,0,0,1,0,4,3,138,16,12290,31386,1,0,0,1,1,0,1,aggregate_early
0,7,1,3,2,1,1,0,1,1,1,0,2,3,2,295,53,72387,15006,2,0,1,1,1,0,1,predicate_push
0,3,4,0,1,0,1,0,0,1,0,0,0,3,1,297,27,85937,7407,1,1,0,1,0,0,0,index_scan
1,18,3,3,1,0,1,0,1,0,0,1,1,2,2,44,15,97051,24116,0,1,0,0,0,0,1,predicate_push
0,19,3,1,1,0,0,1,1,1,0,0,0,2,0,201,51,39660,9654,1,1,1,1,0,1,1,aggregate_early
0,7,4,3,1,1,0,0,1,0,1,1,0,2,1,269,39,27362,5277,0,0,1,1,0,0,1,join_reorder
1,6,4,1,1,1,0,0,0,1,0,1,2,1,3,68,52,35030,6586,2,0,0,0,0,0,0,full_scan
1,13,5,3,2,0,0,1,0,1,0,0,3,2,3,134,43,39012,652,0,1,1,1,1,0,1,subquery_flatten
0,13,1,3,2,0,0,1,0,0,0,1,0,5,3,84,9,23718,15509,1,0,0,0,1,0,1,projection_push
1,2,5,4,2,1,1,1,0,0,0,1,0,4,0,67,22,55873,28739,3,0,0,1,1,0,1,join_reorder
1,10,5,4,1,0,1,0,1,0,0,1,1,0,3,171,58,28122,9282,1,0,1,0,1,0,0,index_scan
0,15,3,0,1,1,1,0,1,1,1,0,3,2,2,247,28,87149,4503,1,1,1,0,0,1,1,subquery_flatten
1,7,3,2,0,0,0,1,1,1,0,0,1,2,2,220,47,49684,22227,3,1,1,1,0,0,0,full_scan
0,3,4,4,2,1,1,0,1,0,1,0,2,5,1,205,36,15952,46358,2,0,1,0,0,1,0,predicate_push
0,8,5,1,0,0,0,0,0,1,0,0,1,2,3,51,52,42847,10538,3,0,0,0,1,1,1,aggregate_early
1,16,4,4,0,0,1,0,1,1,1,1,2,4,2,229,44,88191,33105,3,0,1,0,1,0,1,aggregate_early
0,16,5,2,0,0,1,0,1,0,1,0,0,0,1,34,17,73165,20753,1,0,0,0,1,1,0,predicate_push
1,12,5,1,1,0,1,0,0,1,1,0,1,2,3,230,35,17230,20821,2,0,1,1,0,0,1,subquery_flatten
1,10,5,4,2,1,1,1,1,0,0,1,2,0,0,84,10,39038,12178,2,1,0,1,1,0,0,join_reorder
1,18,5,1,0,0,1,0,1,0,1,0,0,4,2,41,18,58886,39483,1,1,1,1,1,0,1,aggregate_early
1,2,5,3,0,1,0,1,1,1,0,1,2,2,0,126,45,65352,47004,0,0,1,0,1,0,1,join_reorder
1,6,2,2,2,0,0,0,0,1,0,1,3,1,3,150,35,25380,11882,3,0,0,0,0,0,0,predicate_push
1,9,2,3,1,1,1,1,0,0,0,1,0,3,0,169,58,68872,15711,2,1,1,0,0,0,1,join_reorder
0,3,5,3,1,0,0,0,1,0,0,0,3,5,2,116,15,36144,49700,1,0,0,1,0,1,0,aggregate_early
0,15,2,2,0,1,1,0,1,1,1,0,3,0,1,128,13,48802,12847,1,1,1,1,1,1,1,subquery_flatten
1,10,2,0,1,1,1,1,1,0,0,0,3,0,1,207,52,10791,16210,3,1,1,0,1,0,1,index_scan
0,18,2,4,1,1,1,0,0,1,0,1,3,0,2,243,18,61517,3305,1,0,1,0,0,1,1,subquery_flatten
1,11,3,3,1,0,0,0,0,1,1,1,2,0,3,227,13,43074,19956,2,0,1,1,1,0,1,limit_push
0,7,2,2,1,1,1,1,1,1,0,0,2,1,3,209,33,6406,41119,0,0,0,1,0,0,1,index_scan
1,9,1,2,0,0,0,1,1,1,0,0,3,4,0,201,16,91504,43658,2,1,1,0,1,1,0,full_scan
0,2,3,1,1,1,0,0,0,1,0,1,1,4,3,291,51,14124,11513,3,0,1,1,0,0,1,full_scan
0,12,4,1,0,0,0,1,1,0,0,1,1,1,3,281,23,37285,41845,1,1,1,1,0,0,0,projection_push
1,16,5,1,2,1,1,1,0,0,0,1,2,1,1,276,15,14779,34605,1,1,0,0,0,1,1,join_reorder
0,2,3,2,1,0,1,0,0,0,0,1,1,4,3,90,11,20885,39569,3,1,1,1,1,0,1,index_scan
1,5,1,0,0,1,1,0,0,1,1,0,1,5,2,144,49,70510,13867,0,1,1,1,1,0,1,index_scan
1,11,2,4,2,0,1,1,1,1,1,0,0,4,3,172,46,3077,38593,1,0,1,1,0,0,0,projection_push
0,7,5,1,1,1,1,0,0,0,1,0,1,1,3,63,12,91602,39384,1,0,0,0,1,1,1,predicate_push
0,17,4,2,2,1,1,1,1,0,1,1,0,4,2,194,21,37404,49377,1,0,1,1,0,0,0,predicate_push
0,14,5,1,1,1,0,0,1,0,1,0,2,3,1,236,50,52863,30309,2,0,0,1,1,0,1,predicate_push
0,5,1,0,2,1,0,1,1,0,1,0,1,2,0,78,13,94640,6431,2,1,0,1,0,0,1,aggregate_early
0,9,2,0,0,1,0,0,0,1,1,1,3,4,0,282,41,91664,26809,3,1,1,1,1,0,0,subquery_flatten
1,8,5,3,1,0,1,1,1,1,0,1,3,4,1,68,40,68769,3511,1,1,1,1,1,1,0,aggregate_early
0,17,2,1,0,0,0,0,1,0,1,1,1,2,2,214,6,51814,23323,2,0,1,1,0,1,0,projection_push
0,13,5,2,2,0,0,1,0,0,0,1,1,4,0,41,55,50457,41716,0,1,0,0,1,0,0,predicate_push
1,13,5,4,1,1,0,1,1,1,0,0,1,2,2,234,12,21300,7288,1,0,1,0,0,0,1,predicate_push
0,10,4,0,0,0,0,1,1,0,0,1,1,1,3,179,16,60102,20247,2,1,0,1,0,1,1,join_reorder
0,19,4,1,1,1,0,0,1,1,1,1,3,4,1,119,5,67214,45466,3,1,1,1,1,0,1,limit_push
1,14,4,1,2,0,0,1,0,0,1,1,2,0,0,231,17,71119,345,2,1,0,0,1,0,1,join_reorder
0,14,2,3,2,1,0,0,1,1,1,1,1,4,2,177,22,30873,28103,0,0,0,1,1,1,0,subquery_flatten
0,1,4,0,0,0,1,0,1,0,0,1,3,5,0,87,27,84898,1635,0,1,1,0,0,0,0,limit_push
1,12,2,3,2,0,1,1,0,0,0,1,2,2,0,180,47,61661,2296,3,0,0,0,0,0,1,full_scan
1,2,2,4,0,0,1,0,0,1,0,1,0,5,2,177,15,15399,2002,3,0,1,0,0,1,0,full_scan
0,1,3,3,2,0,1,0,1,0,0,1,2,1,3,221,58,92741,46971,2,1,1,0,1,0,1,join_reorder
1,11,3,2,2,1,0,0,0,0,0,0,2,3,2,217,19,23367,47835,0,1,0,0,0,0,0,index_scan
0,14,5,0,1,1,1,1,1,1,0,0,1,5,3,29,47,59304,44396,0,0,0,0,0,1,1,subquery_flatten
0,6,1,0,0,0,0,1,0,0,0,0,1,4,2,105,39,87608,18085,0,0,1,0,0,1,0,join_reorder
0,19,3,3,1,1,0,1,0,0,1,1,0,1,0,134,11,38587,9512,0,1,1,1,1,1,0,index_scan
1,9,1,0,0,0,1,1,0,0,1,1,3,5,2,157,18,29130,44167,1,1,1,1,0,0,0,subquery_flatten
0,8,4,3,1,1,1,1,1,1,0,1,2,1,3,54,10,6873,29565,1,0,0,1,0,0,1,join_reorder
1,5,3,4,0,0,1,0,0,1,0,0,1,3,2,132,10,4846,24073,1,1,0,0,1,1,1,limit_push
0,5,2,1,0,0,1,0,0,1,1,0,3,1,1,275,35,60884,37510,2,0,0,1,1,0,0,full_scan
1,14,2,2,1,0,0,1,0,0,1,0,1,5,2,277,38,49615,47442,0,1,0,1,0,1,1,index_scan
0,12,2,1,2,0,1,0,0,1,0,0,1,2,3,161,5,24436,38724,2,0,0,1,0,0,1,full_scan
1,13,2,4,1,0,0,0,0,0,1,0,1,0,1,262,35,18695,18855,3,0,0,1,0,1,0,projection_push
1,16,5,3,0,0,1,0,0,1,1,0,0,1,3,274,22,21194,39458,2,0,0,1,1,1,0,limit_push
0,3,5,3,2,1,1,1,1,1,1,0,2,4,2,183,17,460,2732,2,0,0,0,0,0,1,aggregate_early
0,11,1,4,1,0,1,1,1,1,1,0,2,3,1,295,48,43169,47916,2,0,0,1,1,1,1,join_reorder
1,14,5,2,2,0,0,1,0,0,1,0,3,3,3,141,39,6285,20912,0,1,0,1,0,0,0,predicate_push
1,6,3,0,2,0,1,0,0,0,1,0,1,0,2,199,20,70665,48536,2,0,0,0,0,1,1,projection_push
0,15,3,1,0,1,0,1,0,0,1,1,3,4,1,82,29,61583,43260,1,1,1,0,1,1,0,limit_push
1,3,3,1,0,1,1,0,1,1,0,1,2,0,1,168,38,23490,26176,2,0,0,0,1,1,0,limit_push
0,9,1,4,1,1,1,0,0,1,0,0,3,3,0,199,50,86440,36864,2,0,0,0,1,1,1,index_scan
0,1,5,0,0,1,0,1,1,1,1,1,1,4,0,163,39,81106,49057,2,1,0,1,0,1,0,index_scan
0,14,3,0,2,0,1,1,0,1,0,0,1,0,1,239,11,82121,14428,3,0,1,0,0,1,0,index_scan
0,1,1,1,1,0,0,1,0,1,0,0,3,1,1,182,27,72231,28702,1,1,0,1,0,0,0,full_scan
1,19,3,1,2,0,1,1,1,0,1,1,3,5,1,57,37,16591,43738,2,1,0,1,0,1,0,full_scan
1,1,3,0,1,0,1,0,1,0,0,1,0,2,1,251,52,96193,39858,0,0,1,0,0,1,0,aggregate_early
1,3,4,3,2,0,0,1,1,0,0,1,0,2,1,110,16,69369,41419,3,0,0,0,0,1,0,aggregate_early
1,10,2,3,0,0,1,1,1,0,0,0,1,2,2,277,15,20909,5450,2,1,0,1,0,0,1,predicate_push
1,6,3,0,1,0,0,1,1,1,1,0,2,3,1,61,54,84179,29001,2,0,1,1,0,0,1,join_reorder
1,12,4,3,1,1,1,0,0,0,1,0,0,0,0,91,21,32627,30963,2,1,0,1,1,0,1,join_reorder
1,14,4,3,0,1,0,0,1,1,0,0,2,1,3,213,31,52483,46875,1,1,0,1,1,0,1,subquery_flatten
0,18,1,0,2,1,0,1,1,1,1,0,3,3,2,32,20,20250,5058,1,0,0,1,0,0,1,aggregate_early
1,6,4,1,1,0,1,0,1,1,1,1,2,4,0,31,54,73803,16284,1,0,0,0,1,1,1,projection_push
0,9,4,1,2,1,0,0,0,0,0,0,0,3,3,81,59,69584,1387,2,0,0,0,0,0,0,subquery_flatten
0,17,1,2,2,1,1,1,0,0,1,1,3,0,2,81,15,23468,28699,3,0,0,0,0,0,1,predicate_push
0,6,4,1,0,0,1,0,1,0,0,0,3,2,0,129,39,69876,31559,0,1,1,0,0,0,1,limit_push
1,15,4,0,0,0,1,1,1,1,1,0,3,5,3,297,14,74897,13579,0,1,1,1,1,0,0,index_scan
0,9,1,1,1,1,0,0,0,0,0,0,1,0,3,62,33,5236,32679,0,0,0,1,0,0,1,limit_push
1,7,1,3,1,1,1,0,0,0,0,1,0,5,3,170,51,20043,39560,2,0,0,1,1,0,1,full_scan
0,9,4,3,2,1,1,0,1,0,0,1,0,4,1,234,40,20164,10040,1,1,1,0,1,0,1,predicate_push
1,3,1,4,0,1,0,1,0,1,0,0,1,2,1,269,34,17430,5357,2,1,1,0,1,1,1,full_scan
